GEOID10,Latitude,Longitude,D_d,SE_T002_002,PCT_SE_T02A_002,PCT_SE_T011_002,PCT_SE_T011_005,PCT_SE_T054_003,PCT_SE_T058_006,PCT_SE_T058_008,SE_T064_001,SE_T068_001,PCT_SE_T070_002,PCT_SE_T025_002,PCT_SE_T113_002,SE_T059_001,SE_T068_001.1,PCT_SE_T080_002,Unemploy,neighbor1,neighbor2,neighbor3,neighbor4,neighbor5,neighbor6,neighbor7,neighbor8,neighbor9,neighbor10,neighbor11,neighbor12,neighbor13
26011970200,44.0942264,-84.0607244,2.82E-05,31.79172,99.17,19.94,19.15,0.06,9.05,22.52,2.47,2030,66.95,19.47,9.22,47488,58790400,1.21,54.16208287,26017286400,26051000300,26129950600,0,0,0,0,0,0,0,0,0,0
26017280700,43.5801158,-83.8940753,0.000657466,6602.064,89.21,26.71,10.17,5.78,19.81,41.4,2.37,1619,90.12,26.83,13.02,35083,49643200,13.92,52.47376312,26017280900,26017281000,0,26017286500,0,0,0,0,0,0,0,0,0
26017280900,43.5572613,-83.8973324,0.001157297,2262.541,81.01,26.63,12.43,3.46,18.2,26.06,2.6,1245,90.92,21.07,13.44,42236,46418300,1.82,55.56474969,26017285300,26017285400,26017281000,0,26017280700,0,0,0,0,0,0,0,0
26017281000,43.5842843,-83.9074123,4.51E-05,2405.599,89.78,22.44,13.13,1.37,15.79,32.28,2.35,1881,90.91,12.59,13.31,44283,76168100,5.29,47.77539122,26017280900,26017285400,26017285500,26017280700,26017286500,26017285800,26017286600,0,0,0,0,0,0
26017281300,43.6176728,-83.8831665,0.000489676,2205.105,92.25,24.15,14.33,1.83,17.01,30.19,2.4,1418,92.03,17.23,11.79,40098,52449100,4.82,47.26080247,26017286500,26017286600,26017285900,26017285800,0,0,0,0,0,0,0,0,0
26017285100,43.6122902,-83.8419827,0.000811864,2681.085,92.2,22.83,16.65,0.92,11.13,25.47,2.42,1527,94.11,6.11,3.91,61587,86900500,3.97,42.25911223,26017285202,0,0,26017286500,26017285900,0,0,0,0,0,0,0,0
26017285202,43.6277352,-83.7909271,0.000111972,313.1577,65.98,23.62,16.92,1.49,12.55,25.44,2.46,1612,90.94,17.26,22.84,56792,86438300,7.1,51.05450561,0,0,26017285100,26017285900,0,0,0,0,0,0,0,0,0
26017285300,43.5328784,-83.7882531,0.000294866,91.83248,99.62,20.43,17.53,0.46,8.43,22.53,2.47,2043,94.08,10.75,4.96,61700,112048000,1.71,42.85714286,26157000800,26145011200,0,26145011100,26145010800,26017285400,26017280900,0,0,0,0,0,0
26017285400,43.538885,-83.9749528,0.001710309,169.192,91.37,19.37,19.88,1.54,5.2,28.85,2.32,1655,91.72,7.15,0,83932,121198700,0.48,36.4844904,26017285300,26145010800,26145010200,26145010100,26017280900,26017281000,26017285500,26017285600,0,0,0,0,0
26017285500,43.5884028,-83.9827624,0.000672355,410.605,99.63,18.84,24.43,0.42,7.81,25.72,2.35,2921,95.17,7.59,3.23,69996,182061300,0.5,47.82449726,26017281000,26017285400,26145010100,26017285600,26017285800,0,0,0,0,0,0,0,0
26017285600,43.6092329,-84.1002867,2.75E-05,200.2002,99.66,23.23,14.92,0.33,9.65,24.69,2.48,2946,95.28,8.76,3.24,65640,188650100,0.9,36.36058419,26017285400,26145010100,26017285500,26111290600,0,26111291102,0,0,0,0,0,0,0
26017285800,43.6171737,-83.9211776,0.000113445,1981.718,100,20.05,21.26,1.29,13.39,33.09,2.25,2892,95.3,10.67,13.03,62858,169969500,2.88,46.14090824,26017281000,26017285500,26017286600,26017281300,26017285900,0,0,0,0,0,0,0,0
26017285900,43.6456191,-83.8774629,0.000464865,717.3232,80.94,19.74,17.19,0.67,12.48,29.7,2.28,2427,91.14,14.26,10.01,54147,128924200,4.79,45.6381798,26017281300,26017286500,26017285100,26017285800,26017285202,0,0,0,0,0,0,0,0
26017286400,43.9112064,-84.1076869,6.01E-07,36.41549,99.92,22.94,12.99,0.15,7.55,22.05,2.62,1097,90.52,16.44,7.04,51733,49508500,4.18,50.31815957,26051000900,26111291101,26051000300,26011970200,0,0,0,0,0,0,0,0,0
26017286500,43.6049714,-83.8687653,0.001098449,1567.587,78.81,19.54,14.2,8.24,16.55,47.22,2.03,823,85.18,22.81,37.33,35296,26437300,8.54,58.95710681,26017280700,26017281000,0,0,26017286600,0,0,26017281300,26017285100,26017285900,0,0,0
26017286600,43.6060888,-83.9015691,6.59E-05,5047.966,95.44,27,10.81,2.97,16.77,34.22,2.42,2427,90.89,10.17,16.16,40231,91929900,5.6,42.62335125,26017281000,26017286500,26017285800,26017281300,0,0,0,0,0,0,0,0,0
26035000100,44.1163019,-84.7032577,0.00022737,29.3977,98.76,18.86,24.26,0.37,6.93,28.43,2.3,1937,36.5,15.7,14.8,43186,30662700,2.54,68.92349357,26035000900,0,26035000800,26051000400,26051000100,26143971100,0,0,0,0,0,0,0
26035000400,43.8715083,-84.978817,0.000448598,63.79625,97.49,21.59,18.76,0.16,11.42,26.74,2.4,2013,76.55,16.21,12.86,46718,69657200,5.1,53.51588911,26073000100,26035000500,26035000600,26035000700,26133970500,0,0,0,0,0,0,0,0
26035000500,43.8435578,-85.040085,0.000430021,98.19376,90.91,20.05,22.18,0.21,9.24,28.36,2.36,1650,37.39,11.58,16.96,43500,26187600,9.47,64.63298379,26073000100,26107960100,26133970500,26035000400,0,0,0,0,0,0,0,0,0
26035000600,43.8262558,-84.7835051,0.001042671,614.8624,98.02,23.76,17.46,0.62,14.83,34.87,2.25,1870,89.09,12.57,22.41,45942,77321900,5.64,55.93832021,26073000100,26035000400,26035000800,26035000700,0,0,0,0,0,0,0,0,0
26035000700,43.9116587,-84.8590888,0.000326347,50.18641,98.09,18.95,22.22,0.34,7.73,23.26,2.39,2381,55.98,15.95,10.97,50609,66197300,1.53,60.09239517,26035000600,26035000400,26035000800,26035001300,0,0,0,0,0,0,0,0,0
26035000800,43.9342286,-84.6808945,0.000982608,32.91866,99.25,25.66,17,0.49,7.85,18.7,2.72,2065,75.88,17.68,10.47,55330,89912100,3.51,49.45848375,26073000100,26035000600,26073940200,26111291700,26051000800,26035000700,26051000400,26035001300,26035000900,26035000100,26051000100,0,0
26035000900,44.0583555,-84.7688635,0.000235069,143.8376,96.41,20.7,16.45,0.45,11.81,28.59,2.3,2052,42.11,20.69,17.52,35704,32347900,8.83,48.15263477,0,26035001300,26035000800,26035000100,0,0,0,0,0,0,0,0,0
26035001300,44.001758,-84.7699611,0.000335901,176.5072,96.01,19.89,19.59,1.13,12.35,33.47,2.24,3016,57.16,18.54,25.15,32023,57418800,6.58,65.36262413,26035000800,26035000700,0,26035000900,0,0,0,0,0,0,0,0,0
26049000100,43.0722695,-83.7231281,0.000209023,4465.964,100,24.08,19.58,95.78,32.64,37,2.4,1266,86.89,13.77,51.03,27569,31429100,15.44,67.59217114,0,0,26049010501,0,26049010504,26049010304,0,0,0,0,0,0,0
26049001500,43.0188066,-83.7074255,0.000315372,2718.614,100,31.8,4.92,63.09,30.71,31.08,2.69,871,62.8,18.33,37.9,29599,19979900,11.26,62.57744734,26049001600,26049003700,26049002800,0,0,0,0,0,0,0,0,0,0
26049001600,43.0168358,-83.727594,0.000810973,4300.641,98.48,26.51,8.69,39.4,22.51,37.28,2.31,2339,81.87,11.27,10.58,47151,85626300,2.59,55.74643116,26049003600,26049010911,26049003700,26049001500,26049010812,0,0,0,0,0,0,0,0
26049001800,43.0666184,-83.6654752,0.001320672,1894.582,94.42,43.18,4.76,73.03,57.41,18.06,2.95,1008,64.29,29.65,53.16,18839,13018400,18.23,68.04835924,26049980100,26049002200,26049001900,0,26049012202,26049012100,26049012007,0,0,0,0,0,0
26049001900,43.0571729,-83.6570664,0.001765083,2088.122,83.17,31.26,8.36,32.45,31.65,27.32,2.65,1055,89.86,26.7,42.34,29318,30872000,16.62,55.05906523,0,0,26049012006,26049002200,26049980100,26049001800,26049012007,26049012100,0,0,0,0,0
26049002200,43.0402036,-83.6716745,0.000388512,4105.871,98.75,29.29,5.4,19.41,28.87,30,2.77,1467,66.12,31.17,45.92,25591,28662300,20.45,66.52154985,26049002600,26049013600,0,26049980100,26049001900,26049001800,0,0,0,0,0,0,0
26049002600,43.0282624,-83.6688612,0.000847809,4275.093,98.61,27.85,6.84,15.4,26.38,32.36,2.58,1600,77.25,34.65,39.36,34098,40782000,11.79,64.79968884,26049002800,26049013600,26049002900,26049003000,26049003100,0,26049002200,0,0,0,0,0,0
26049002800,43.0149849,-83.691259,0.001230783,2921.814,96.73,11.49,4.13,48.64,15.85,56.6,1.87,1216,65.38,25.05,24.53,31562,24492800,4.9,66.53878943,26049003700,26049004000,26049003800,26049002900,26049001500,0,26049013600,26049002600,0,0,0,0,0
26049002900,43.018359,-83.6776234,0.001072772,3822.619,100,14.7,21.58,57.33,11.59,67.81,1.64,1360,88.16,21.63,32.84,28759,31261300,8.46,59.01848311,26049003200,26049003800,26049002800,26049003000,26049002600,0,0,0,0,0,0,0,0
26049003000,43.0183087,-83.6639886,0.001257313,3732.76,100,20.79,14.46,27.27,13.38,33.31,2.25,1659,91.02,3.45,7.61,61579,90029800,2.33,42.22797927,26049002900,26049003200,26049003100,26049002600,0,0,0,0,0,0,0,0,0
26049003100,43.0148947,-83.6446184,0.000566864,1530.37,100,22.91,21.26,87.07,27.88,35.86,2.32,1241,79.77,10.24,25.05,43973,42654600,12.06,58.12534664,26049003200,26049003400,26049011508,26049011505,26049003000,26049002600,0,0,0,0,0,0,0
26049003200,43.007343,-83.6662654,0.000930114,3113.036,96.95,31.34,13.49,89.3,34.76,36.32,2.39,1286,79.86,21.27,43.58,29668,25307200,11.37,73.02295918,26049003300,26049003400,26049003800,26049003100,26049002900,26049003000,0,0,0,0,0,0,0
26049003300,42.9933218,-83.6661344,0.000632453,2333.965,87.65,25.33,10.38,55.16,23.94,31.65,2.39,833,90.28,12.4,9.29,55156,38444100,1.72,40.8050513,0,26049003800,26049011401,26049003400,26049003200,0,0,0,0,0,0,0,0
26049003400,42.9965676,-83.6487629,0.001074267,4276.902,100,47.49,2.7,75.56,64.24,21.2,2.75,1255,62.39,19.76,77.54,15314,12114000,41.21,71.45985401,26049003300,0,26049011401,26049011508,26049003200,26049003100,0,0,0,0,0,0,0
26049003600,42.9981618,-83.7245033,0.000338777,3529.093,99.29,24.59,12.44,15.65,17.62,32.4,2.34,2386,85.37,18.32,20.09,54917,119829800,4.26,50.50245384,26049010912,26049013500,26049010911,26049003700,26049001600,0,0,0,0,0,0,0,0
26049003700,43.0048618,-83.7087591,0.001145976,2611.903,96.88,25.12,7.88,19.58,21.9,34.02,2.44,1374,77.44,10.93,19.37,41038,42885100,9.09,52.67295597,26049003600,26049013500,26049004000,26049002800,26049001600,26049001500,0,0,0,0,0,0,0
26049003800,43.0005625,-83.6818026,0.001297755,1935.093,100,25.87,9.24,26.53,28.41,33.39,2.48,734,73.84,26.81,41.19,26040,17707800,18.24,67.21763085,0,26049004000,26049003300,26049002800,26049003200,26049002900,0,0,0,0,0,0,0
26049004000,42.9896575,-83.6876877,7.72E-05,4739.874,100,25.26,9.27,11.12,22.54,31.82,2.45,1738,82.45,13.2,29.95,39963,58586500,11.19,55.5283415,26049011010,26049011301,26049013500,0,26049003800,26049003700,26049002800,0,0,0,0,0,0
26049010110,43.1769511,-83.7356331,0.00133081,2378.025,99.03,24.26,15.5,1.06,16.22,38.63,2.21,1336,89.52,16.37,20.6,47179,52888100,4.55,46.3592233,26049010114,26049010113,26049010111,26049010112,0,0,0,0,0,0,0,0,0
26049010111,43.19663,-83.7507378,0.001185913,285.3175,99.83,20.21,23.07,3,10.22,22.29,2.54,528,92.61,16.9,5.53,59981,29511000,4.07,52.42057489,26049010201,26049010202,26049010114,26049010110,26049010112,26145013100,0,0,0,0,0,0,0
26049010112,43.2002807,-83.7144525,0.000620564,438.854,100,24.98,14.13,0.44,12.38,22.27,2.63,1055,91.09,9.71,5.59,64135,56374800,0,39.30998432,26049010113,26049010110,26049012503,26049012504,26049010111,26145013100,26157001300,0,0,0,0,0,0
26049010113,43.1620275,-83.7130054,0.001092222,651.0753,99.19,23.49,15.02,3.13,14.8,34.43,2.3,1143,90.46,14.57,13.15,44740,43711400,3.28,49.03640257,26049010114,26049010115,26049012503,26049010110,26049010112,26049012504,0,0,0,0,0,0,0
26049010114,43.1558114,-83.7435214,0.000631349,851.1338,99.99,21.77,17.52,1.38,9.05,20.72,2.53,1080,95.19,8.45,3.9,61399,63732800,1.64,47.2356935,26049010202,26049010115,26049010113,26049010110,26049010201,26049010111,0,0,0,0,0,0,0
26049010115,43.1413928,-83.7292641,0.001003553,264.3752,99.53,22.66,14.41,1.54,13.88,22.38,2.55,410,86.1,7.52,0,59963,21826700,0,63.26781327,26049010503,26049010504,26049010202,0,26049012503,26049010114,26049010113,0,0,0,0,0,0
26049010201,43.1991343,-83.7919987,0.001369884,254.1186,99.93,20.91,15.74,1.25,7.56,16.64,2.63,689,95.94,10.61,0,98624,64007000,0,48.77878576,26049012601,26049012603,26049010202,26049010114,26049010111,26145013000,26145013100,0,0,0,0,0,0
26049010202,43.1538586,-83.7845426,0.001139054,228.7346,99.32,20.68,18.44,2.24,7.39,18.71,2.57,666,95.5,8.81,4.13,65700,42442700,0,39.39393939,26049010610,26049012603,26049010503,26049010504,26049010115,26049010114,26049012601,26049010201,26049010111,0,0,0,0
26049010304,43.0829949,-83.7134455,0.000378676,1932.374,100,30.73,10.89,61.98,34.54,26.86,2.71,1733,78.19,19.46,42.04,29410,43498200,21.84,64.53921861,26049010501,26049000100,26049010504,0,0,26049012202,26049010305,26049012201,0,0,0,0,0
26049010305,43.0971568,-83.7117465,0.000793075,2249.71,99.16,32.23,12.28,76.62,35.82,23.67,2.86,2058,83.97,17.2,31.69,51576,88299200,10.05,65.30612245,26049010304,26049010504,26049012202,26049012201,26049012310,0,0,0,0,0,0,0,0
26049010501,43.0614034,-83.7475638,0.000540476,1024.137,100,29.14,9.47,30.52,23.92,28.52,2.71,1253,83.4,25.98,23.5,36115,36802000,7.95,52.40641711,26049010502,26049010811,26049010812,0,0,0,0,26049000100,26049010504,26049010304,26049010503,0,0
26049010502,43.0627824,-83.7924598,0.000983391,622.4412,99.01,23.79,21,26.14,18.88,34.82,2.24,1722,92.57,6.63,17.98,47478,73070100,4.94,54.4874202,26049010700,26049012704,26049010810,26049010811,26049010812,26049010501,26049010603,26049010610,26049010504,26049010503,0,0,0
26049010503,43.1058149,-83.7871143,0.00091089,230.2955,99.72,23.12,15.27,4.39,8.96,19.58,2.65,895,94.75,6.02,8.04,66146,54372300,2.19,48.76250658,26049010501,26049010502,26049010504,26049010610,26049012603,26049010202,26049010115,0,0,0,0,0,0
26049010504,43.1097472,-83.7375637,0.000797082,460.8817,99.89,22.85,16.95,29.42,17.24,23.31,2.55,1849,88.16,17.57,9.39,50868,83271000,5.74,55.04004419,26049010501,26049000100,26049010304,26049010502,26049010503,26049010305,26049012310,0,26049010202,26049010115,26049012503,0,0
26049010603,43.0667041,-83.833883,0.001064221,2393.636,93.97,20.26,24.73,2.37,12.33,37.03,2.2,2661,93.27,8.69,2.72,58948,142420200,1.95,48.4980319,26049010502,26049010700,26049010604,26049010610,0,0,0,0,0,0,0,0,0
26049010604,43.0603095,-83.8424568,0.001105321,2161.684,98.52,24.64,15.53,2.35,12.45,22.89,2.53,1155,94.55,0.37,3.16,85310,93670800,1.64,43.92123288,26049010603,26049010700,26049010610,0,0,0,0,0,0,0,0,0,0
26049010610,43.1096176,-83.8406865,0.001077166,543.3767,97.99,24.54,13.53,2.57,10.93,19.91,2.67,2207,93.29,5.43,2.7,73912,152998100,3.14,47.4525931,26049010604,26049010700,26049010603,26049010502,26049010503,26049012603,26049010202,0,0,0,0,0,0
26049010700,43.0825923,-83.8874727,0.000915339,241.4342,99.54,23.11,17.1,1.66,7.85,20.74,2.61,2041,95.44,6.13,6.13,72291,134824400,3.59,44.95526839,26049012703,26155030100,26049012704,26049010810,26049010502,26049010603,26049010604,26049010610,26145012900,26049012603,0,0,0
26049010810,43.0263954,-83.7946645,0.00116543,1298.239,97.96,23.1,18.75,28.61,10.66,24.04,2.59,2121,93.35,2.89,4.01,114646,229406900,1.8,48.44524561,26049012704,26049010813,26049010910,26049010811,26049010700,26049010502,0,0,0,0,0,0,0
26049010811,43.0336564,-83.7648723,0.000816813,1170.548,98.09,27.3,17.9,55.7,26.8,26.23,2.43,961,91.26,11.76,17.24,45935,36334900,3.16,60.45931103,26049010810,26049010813,26049010910,26049010911,26049010812,26049010502,26049010501,0,0,0,0,0,0
26049010812,43.0353797,-83.7422068,0.000476175,2732.427,99.96,28.33,10.47,38.69,29.34,32.69,2.44,1933,80.39,19.86,21.63,35794,57307300,8.81,54.94835055,26049001600,26049010911,0,26049010811,0,0,26049010502,26049010501,0,0,0,0,0
26049010813,43.0037371,-83.7921236,0.000831043,1152.122,99.78,19.58,18.75,17.17,13.21,33.63,2.27,2195,92.39,8.68,7.95,54494,114928700,0.57,43.44899016,26049010912,26049012704,26049010910,26049010810,26049010811,0,0,0,0,0,0,0,0
26049010910,43.0012307,-83.7590999,0.000564296,1243.215,99.71,20.62,19.15,11.12,15.6,40.16,2.19,1716,87.06,20.05,8.68,40939,55841700,5.21,50.45379538,26049010912,26049010813,26049010911,26049010810,26049010811,0,0,0,0,0,0,0,0
26049010911,43.0088123,-83.7440754,0.001005711,2911.677,97.89,24.19,14.76,53.24,25.44,40.49,2.12,1980,86.57,19.87,12.77,41924,76176300,2.42,45.98726115,26049010910,26049010912,26049003600,26049001600,26049010811,26049010812,0,0,0,0,0,0,0
26049010912,42.9760513,-83.7691316,0.001004123,568.0984,99.36,23.34,19.24,9.61,13.34,34.69,2.3,1459,92.46,11.37,12.25,45219,64166700,2.96,50.39308176,26049012904,26049012802,26049012702,26049980000,26049012704,26049010813,26049010910,26049013500,26049003600,26049010911,0,0,0
26049011010,42.9699857,-83.7102154,0.000425128,2352.749,99.37,20.9,18.35,7.54,15.06,30.59,2.35,2490,92.81,11.06,14.7,50509,122687300,1.98,46.65174028,26049980000,26049012904,26049012905,26049011212,26049011301,26049004000,26049013500,0,0,0,0,0,0
26049011101,42.8936977,-83.6137625,0.000581391,1053.956,98.49,27.78,15.81,8.06,8.12,22.77,2.63,3661,90.82,3.52,3.03,98621,299809300,2.07,42.82332051,26049011102,26125124000,26125123000,26049013401,26049011214,26049011209,26049011211,26049011210,0,0,0,0,0
26049011102,42.8916337,-83.6595659,0.000701193,627.9268,98.46,22.57,13.37,8.35,7.13,39.12,2.19,2778,89.34,3.04,6.8,69126,161617200,2.57,34.88690884,26049012906,26049013301,26125124000,26049011101,26049012905,26049011211,0,0,0,0,0,0,0
26049011209,42.9309829,-83.6084188,0.001043152,2386.114,99.95,24.54,15.23,10.99,11.37,31.81,2.35,2863,94.66,6.1,7.25,82087,219913400,4.29,39.39626995,26049011214,26049011101,26049011210,26049011211,0,0,0,0,0,0,0,0,0
26049011210,42.9220996,-83.6319793,0.000961164,1930.74,98.67,23.4,20.07,11.32,16.88,39.89,2.09,998,93.19,7.68,11.88,49432,48344600,2.56,48.27586207,26049011101,26049011209,26049011211,0,0,0,0,0,0,0,0,0,0
26049011211,42.9315898,-83.6638398,0.000801144,1204.013,99.5,25,12.07,17.79,12.7,31.45,2.39,2527,91.61,8.75,8.66,65211,139812400,0.75,41.53508772,26049011102,26049011101,26049011210,26049012905,26049011209,26049011214,26049011212,26049011213,0,0,0,0,0
26049011212,42.9519104,-83.6684402,0.0008106,2317.466,99.82,26.39,10.69,12.13,15.03,28.14,2.48,2580,93.37,7.61,11.59,52327,117842300,3.6,46.63461538,26049012905,26049011211,26049011214,26049011213,26049011010,26049011301,0,26049011401,0,0,0,0,0
26049011213,42.9538353,-83.6108003,0.000739971,1455.108,99.92,28.05,9.38,7.73,11.72,17.43,2.79,2171,92.77,7.23,3.67,73282,142607900,2.11,38.50916295,26049011211,26049011212,26049011214,26049013401,26049011401,26049011402,26049011601,0,0,0,0,0,0
26049011214,42.9342498,-83.590823,0.00108544,1357.358,99.04,28.68,10.21,11.6,11.45,22.07,2.65,2259,94.69,2.23,10.56,87550,169673600,0.88,38.18938606,26049011101,26049013401,26049011209,26049011211,26049011212,26049011213,0,0,0,0,0,0,0
26049011301,42.968884,-83.682174,0.000652112,3480.583,99.87,27.1,8.77,16.93,25.13,31.44,2.43,2481,87.42,14.32,25.79,40526,84902000,17.85,54.37452996,26049011010,26049012905,26049011212,0,26049004000,0,0,0,0,0,0,0,0
26049011401,42.9726934,-83.6349716,0.001107987,814.188,99.74,25.98,11.71,16.26,21.41,25.75,2.55,1376,92.01,11.11,4.84,46588,66155800,5.07,43.0118798,26049011212,0,26049011213,26049011402,0,26049003300,26049003400,26049011508,26049011502,0,0,0,0
26049011402,42.9741867,-83.5947584,0.00086469,1026.929,99.79,26.98,12.6,4.35,10.31,17.69,2.71,1581,95.13,8.87,3.07,75104,110553500,1.7,34.77301387,26049011213,26049011401,26049013401,26049011601,26049011508,26049011502,26049011503,26049011610,0,0,0,0,0
26049011502,43.0150271,-83.6061158,0.000911637,816.1667,99.22,20.36,15.53,2.43,11.72,26.48,2.46,1428,92.58,12,8.07,64005,82886500,4.56,47.92243767,26049011401,26049011508,26049011402,26049011503,26049011505,26049012006,26049012008,26049012009,0,0,0,0,0
26049011503,43.0173081,-83.5864593,0.001081041,1246.737,99.63,22.68,14.23,2.03,12.1,20.97,2.61,2010,93.73,7.63,5.54,62992,119370200,5.38,46.38357443,26049011402,26049011502,26049011601,26049011610,26049011713,26049011714,26049012008,26049012009,26049011800,0,0,0,0
26049011505,43.0310189,-83.6255779,0.000400674,1087.367,100,20.37,18.8,6.82,14.63,26.15,2.41,1108,92.51,10.7,7.15,60755,64704900,0.94,50.85308057,26049003100,26049011508,26049011502,0,0,26049012006,26049012008,0,0,0,0,0,0
26049011508,42.9979344,-83.6279169,0.000424666,1356.91,99.96,17.93,20.77,6.98,12.48,41.65,2.14,1519,92.3,14.72,11.21,42145,59509300,3.4,50.31871016,26049011401,26049003400,26049011402,26049011502,26049003100,26049011505,0,0,0,0,0,0,0
26049011601,42.9839696,-83.5110841,0.000873198,193.3608,98.85,24.09,11.56,0.72,7.36,13.82,2.78,1160,94.83,6.79,2.26,80746,91001400,0,52.43015691,26049011213,26049011402,26049013401,26087342000,26087336000,26049011503,26049011610,26049011712,0,0,0,0,0
26049011610,42.9973995,-83.5430645,0.001344937,1279.622,99.48,26.87,9.1,2.88,14.01,26.16,2.49,2933,92.02,9,6.12,61199,164750100,2.53,42.03915774,26049011402,26049011503,26049011601,26049011712,26049011713,0,0,0,0,0,0,0,0
26049011711,43.0245929,-83.5189989,0.001145813,3002.708,100,23.13,18.35,2.48,14.76,45.2,2.07,1439,90.41,9.39,20,45207,62974700,0.29,55.28804815,26049011713,26049011712,26049011714,0,0,0,0,0,0,0,0,0,0
26049011712,43.0268328,-83.4769458,0.00112541,457.9936,98.43,26.01,18.37,2.3,12.22,27.44,2.52,1242,94.2,7.83,6.32,54459,61103600,2.85,56.26326964,26049011601,26049011610,26049011713,26087336000,26049011711,0,26049011714,26049011800,26049011902,0,0,0,0
26049011713,43.0212435,-83.5480505,0.001302229,1590.523,100,15.85,17.61,6.51,14.64,44.98,1.82,2140,93.5,9.52,12.24,42532,74645000,5.64,43.4310532,26049011610,26049011712,26049011503,26049011711,26049011714,0,0,0,0,0,0,0,0
26049011714,43.0386345,-83.5519096,0.000612843,916.4288,100,23.54,18.09,1.29,10.18,22.52,2.56,1313,95.05,5.88,7.31,70541,91563200,1.46,48.68913858,26049011713,26049011503,26049011711,0,26049011712,26049012009,26049011800,26049011902,0,0,0,0,0
26049011800,43.0680991,-83.5484004,0.000868442,353.3273,99.33,23.78,16.73,1.04,9.65,19.54,2.6,1280,94.77,7.45,2.67,67274,82545900,2.04,43.09607157,26049011503,26049012009,26049011714,26049011712,26049011902,26049012003,26049011901,0,0,0,0,0,0
26049011901,43.116802,-83.5261074,0.001208958,177.8585,92.47,21.05,14.55,5.35,9.74,19.98,2.53,1058,94.14,9.66,5.84,63282,62143600,1.32,48.59456884,26049011800,26049012009,26049012003,26049011902,26087342100,26049012100,26049012501,26049012401,26049012402,0,0,0,0
26049011902,43.0806718,-83.49408,0.000639773,255.3976,99.22,29.1,9.62,0.59,14.04,14.33,2.94,1091,94.68,17.85,5.59,64916,59398600,0.66,53.07692308,26049011714,26049011800,26049011712,26087336000,26087342100,26049011901,0,0,0,0,0,0,0
26049012003,43.1016372,-83.6027374,0.001021675,1431.142,92.49,31.58,8.49,3.13,24.12,17.5,3,1259,83.96,17.58,18.52,42253,44915400,6.49,63.62889984,26049012007,26049012008,26049011800,26049012009,26049011901,26049012100,0,0,0,0,0,0,0
26049012006,43.05327,-83.6324305,0.00069254,1745.129,97.67,22.17,18.77,1.59,14.36,31.67,2.36,1248,89.82,12.93,14.18,49403,54097200,8.04,54.13533835,0,26049011505,26049011502,26049012008,26049001900,26049012007,0,0,0,0,0,0,0
26049012007,43.0795649,-83.627345,0.000999841,495.6572,90.46,23.76,11.02,1.78,13.29,21.07,2.65,692,89.16,15.06,25.86,48113,31322000,10.75,46.50793651,26049001900,26049012006,26049012008,26049001800,26049012100,26049012003,0,0,0,0,0,0,0
26049012008,43.0731935,-83.6067556,0.000544948,1011.828,99.92,23.35,15.17,1.38,10.83,20.1,2.63,1236,93.37,14.06,2.37,62679,70828200,3.01,48.05510535,26049011502,26049011505,26049012006,26049011503,26049012009,26049012007,26049012003,0,0,0,0,0,0
26049012009,43.0730167,-83.587854,0.00025554,868.4382,99.96,24.55,14.41,0.69,11.93,17.15,2.76,1004,93.53,17.77,5.12,75301,69428300,4.56,45.02568893,26049011502,26049012008,26049011503,26049011714,26049011800,26049012003,26049011901,0,0,0,0,0,0
26049012100,43.1164787,-83.6247202,0.001481132,286.5397,93.49,22.15,15.32,8.1,12.16,26.62,2.48,1135,88.37,10.92,14.06,52429,51013500,3.19,47.27368978,26049001800,26049012202,26049001900,26049012007,26049012201,26049012003,26049011901,26049012503,26049012501,26049012401,0,0,0
26049012201,43.1078916,-83.6658842,0.00051522,626.1501,99.54,17.17,24.64,6.72,13.14,40.41,2.09,1492,81.1,21.8,22.14,34966,45875400,7.77,66.06334842,26049012202,26049010304,26049010305,26049012100,0,26049012503,0,0,0,0,0,0,0
26049012202,43.0796336,-83.674918,0.000736402,751.7585,99.57,23.94,17.42,67.31,29.97,31.85,2.47,736,79.35,15,30.23,33495,24150500,8.32,60.07532957,26049010304,0,0,26049001800,26049012100,26049010305,26049012201,0,0,0,0,0,0
26049012310,43.1173533,-83.6989227,0.000229181,2580.562,100,27.09,9.36,13.38,22.02,34.17,2.34,1505,87.51,12.25,29.77,39263,52378100,8.1,51.56854319,26049010305,26049010504,0,0,0,0,0,0,0,0,0,0,0
26049012401,43.1877438,-83.5502372,0.000790541,110.853,99.61,21.47,15.91,0.58,7.41,19.95,2.57,783,94.76,9.9,1.75,62754,44053900,2.14,48.91041162,26049012501,26049012100,26049011901,26049012402,26157001300,26157001200,0,0,0,0,0,0,0
26049012402,43.1856446,-83.4902083,0.000617471,151.064,97.95,22.63,13.76,0.36,9.23,21.33,2.58,1155,93.77,9.82,4.97,55909,58425500,1.72,51.5625,26049011901,26049012401,26087342100,26087331500,26087331000,26157001300,26157001200,0,0,0,0,0,0
26049012501,43.1737904,-83.6043506,0.00099771,113.7433,99.46,21.15,12.54,1.52,8.22,20.8,2.6,828,94.08,7,11.3,59128,44582700,2.39,45.53734062,26049012503,26049012100,26049011901,26049012401,26049012504,26157001300,0,0,0,0,0,0,0
26049012503,43.1568106,-83.6687953,0.000455215,344.376,99.94,20.25,12.51,2.73,12.88,23.86,2.51,1402,83.1,16.69,9.41,46017,56371600,3.84,54.00221321,26049010504,26049010115,0,26049012201,26049012100,26049012501,26049010113,26049010112,26049012504,0,0,0,0
26049012504,43.2001782,-83.6652375,0.000811155,255.3124,99.88,22.61,10.9,1.73,9.37,14.33,2.85,764,95.03,16.06,3.75,72303,51479900,0.14,41.43681847,26049010112,26049010113,26049012503,26049012501,26157001300,0,0,0,0,0,0,0,0
26049012601,43.1989511,-83.8776596,0.001319419,174.2006,98.82,25.94,12.1,0.93,13.83,17.85,2.8,1182,90.52,15.59,14.59,59923,57526200,7.6,46.36326696,26049012603,26145012900,26049012602,26049010202,26049010201,26145013000,26145013100,0,0,0,0,0,0
26049012602,43.1763452,-83.8931853,0.00066728,1696.587,100,27.22,12.91,0.72,17.81,31.44,2.46,726,92.01,10.9,11.14,43614,28785400,3.33,49.96320824,26049012601,26049012603,0,0,0,0,0,0,0,0,0,0,0
26049012603,43.1546389,-83.8686034,0.001568346,189.4724,98.9,23.2,15.17,2.41,9.03,16.53,2.78,1203,93.02,20.21,3.78,70608,68137300,0,56.28332064,26155030100,26145012900,26049010700,26049010610,26049010503,26049010202,26049012601,26049012602,26049010201,0,0,0,0
26049012702,42.9630315,-83.8250485,0.000687149,1405.086,99.95,22.64,20.12,5.07,16.95,31.94,2.25,2750,92.91,7.14,10.06,54649,140230700,1.21,48.41859478,26049012802,26049012801,26049012703,26049012904,26049010912,26049012704,0,0,0,0,0,0,0
26049012703,42.9939953,-83.901062,0.000989574,154.1927,99.79,22.22,15.71,1.29,10.22,21.54,2.61,1381,92.11,10.65,9.74,65453,77235100,3.14,50.41742287,26049012801,26155030100,26049012702,26049012704,26049010700,0,0,0,0,0,0,0,0
26049012704,43.0079078,-83.8474304,0.001014016,339.7074,99.93,23.53,16.29,4.73,7.45,20.01,2.61,1715,94.69,5.87,3.15,84286,131234700,2.89,42.97450425,26049012702,26049012703,26049010912,26049010813,26049010810,26049010700,26049010502,0,0,0,0,0,0
26049012801,42.9062377,-83.8955773,0.000758321,206.7087,99.44,24.76,12.38,0.9,6.94,17.33,2.74,1842,94.63,8.51,2.03,68331,114044500,1.86,49.12783129,26155031800,26155031301,26049013001,26049012802,26155031900,26049012702,26155030100,26049012703,0,0,0,0,0
26049012802,42.9069337,-83.8261741,0.000760988,170.3781,99.94,23.25,15.06,0.74,8.56,18.18,2.67,792,95.83,12.09,4.88,65657,46419800,1.27,51.77222545,26049012907,26049013001,26049012801,26049012904,26049012702,26049010912,0,0,0,0,0,0,0
26049012904,42.9353003,-83.7643815,0.001034554,513.3012,99.89,20.75,16.16,3.05,10.03,22.69,2.48,2755,95.17,4.06,3.47,66226,178082100,0.56,46.47482014,26049012907,26049012802,26049012906,26049012905,26049012702,26049010912,26049980000,26049011010,0,0,0,0,0
26049012905,42.9367555,-83.7085526,0.000923738,714.1259,99.62,21.34,17.48,8.59,13.18,35.62,2.17,1808,91.92,8.13,0,53334,87201900,1.28,48.3777938,26049012907,26049012904,26049012906,26049011102,26049011211,26049011212,26049011010,26049011301,0,0,0,0,0
26049012906,42.8930543,-83.7096403,0.00114745,363.1278,98.87,27.72,11.78,4.98,10.84,26.42,2.55,1035,93.62,1.66,0,82246,81177100,2.33,41.24145187,26049012907,26049013301,26125124000,26049011102,26049012904,26049012905,0,0,0,0,0,0,0
26049012907,42.8930523,-83.7717039,0.000681597,214.4904,99.69,25.8,11.39,0.82,6.14,16.27,2.78,915,96.07,7.07,0,84551,68740600,0,43.65971108,26049013001,26049013110,26049012802,26049013301,26049012906,26049012904,26049012905,0,0,0,0,0,0
26049013001,42.8324807,-83.8640173,0.000794413,103.6949,98.32,26.06,10.48,0.19,6.03,15.66,2.78,1021,92.56,5.88,4.95,72476,63561900,0,45.46391753,26155031301,26093721100,26093711000,26049013002,26049013110,26155031800,26049012801,26049012907,26049012802,0,0,0,0
26049013002,42.7998898,-83.8431396,0.00123731,459.2139,88.42,25.16,10.61,0.33,9.62,21.9,2.61,1827,88.72,6.95,10.76,71903,111954300,2.06,40.69839308,26093711000,26093710300,26049013112,26049013001,26049013110,0,0,0,0,0,0,0,0
26049013110,42.8472929,-83.7780254,0.000879868,247.731,99.39,24.73,14.01,0.37,6.84,16.1,2.72,834,94.6,2.5,10.63,64025,51412600,0.87,51.63254012,26049013002,26049013112,26049013113,26049013001,26049013111,26049013301,26049012907,0,0,0,0,0,0
26049013111,42.8254205,-83.7515364,0.001485584,869.899,74.08,22.82,12.99,0.28,6.9,22.72,2.51,1262,89.62,7.62,2.65,78266,91414700,1.46,36.5100087,26049013202,26049013204,26049013112,26049013113,26049013301,26049013110,0,0,0,0,0,0,0
26049013112,42.8046917,-83.768785,0.000232606,894.762,85.62,28.4,10.47,0.4,6.03,14.22,2.83,1667,94.48,3.3,4.38,111305,162506300,0.68,42.22813239,26093711000,26093710300,26049013002,26049013204,26049013111,26049013110,26049013113,0,0,0,0,0,0
26049013113,42.8191644,-83.7812248,0.000754382,1692.896,97.26,25.58,19.92,0.45,9.28,26.61,2.51,1695,91.56,3.35,5.59,71857,109438900,3.41,47.94996525,26049013110,26049013112,26049013111,0,0,0,0,0,0,0,0,0,0
26049013202,42.8085164,-83.697382,0.000756773,2039.455,98.08,25.66,13.47,1.7,14.36,32.53,2.34,2623,90.24,10.82,6.72,56635,140342000,1.29,35.61282468,26049013204,26125124000,26049013111,26049013301,0,0,0,0,0,0,0,0,0
26049013204,42.7947583,-83.7210205,0.000822902,1604.319,93.27,22.61,15.31,0.89,12.16,36.92,2.21,2947,91.55,7.39,8.26,61815,158000200,2.54,38.32149201,26049013112,26093710300,26093710100,26125125000,26125124000,26049013202,26049013111,0,0,0,0,0,0
26049013301,42.847335,-83.7128533,0.001108455,889.435,80.18,21.74,16.37,0.56,9.82,24.32,2.42,2853,88.19,6.51,0.75,80036,199129700,0.76,39.48167645,26049013111,26049013202,26125124000,26049013110,26049012907,26049012906,26049011102,0,0,0,0,0,0
26049013401,42.944264,-83.5448576,0.000903808,185.8504,98.08,25.97,10.59,0.62,6.4,12.61,2.89,2198,95.95,4.06,2.74,103101,215275700,2.11,36.83893022,26049011101,26125124000,26125123000,26125123100,26125122200,26087342000,26049011214,26049013402,26049011213,26049011402,26049011601,0,0
26049013402,42.9108533,-83.5173334,0.001428634,845.843,96.82,32.54,10.34,0.81,9.74,21.02,2.83,691,93.63,6.44,5.56,88336,53090000,2.5,40.63421829,26049013401,0,0,0,0,0,0,0,0,0,0,0,0
26049013500,42.9905813,-83.7055348,0.001337154,3637.731,98.5,23.83,12.76,32.63,21.43,38.58,2.28,2500,85.32,17.91,24.57,41397,95545500,5.89,50.71393402,26049980000,26049011010,26049004000,26049010912,26049003600,26049003700,0,0,0,0,0,0,0
26049013600,43.0340491,-83.6887865,0.000382384,2850.041,98.43,22.34,9.35,82.97,23.63,59.15,1.74,670,95.37,13.04,27.57,30781,20254200,14.44,67.87175989,0,26049002800,26049002600,0,26049002200,26049980100,0,0,0,0,0,0,0
26051000100,44.1210735,-84.4918711,0.000960106,45.0125,96.81,15.05,33.44,0.29,5.24,23.58,2.24,2793,49.19,15.36,6.88,63323,86880500,3.13,66.83710738,26051000400,26051000500,26035000800,26035000100,26051000200,26143971100,26129950600,0,0,0,0,0,0
26051000200,44.1088339,-84.3339854,0.001406987,53.83277,94.01,11.25,33.46,0.3,5.86,28.86,2.07,1699,38.14,15.58,11.65,50161,34109700,1.32,64.20361248,26051000600,26051000300,26051000500,26051000100,26129950600,0,0,0,0,0,0,0,0
26051000300,44.0165926,-84.2387936,0.000589701,15.08469,98.31,15.98,24.9,0.44,6.6,32.02,2.17,1923,48.88,15.44,9.69,43804,44023200,1.99,57.93378995,26051000900,26017286400,26051000600,26011970200,26051000200,26129950600,0,0,0,0,0,0,0
26051000400,44.0009981,-84.5618038,0.001274637,62.9314,96.76,23.5,19.53,0.03,7.71,23.28,2.56,1874,63.71,12.86,13.71,48433,58894700,4.19,52.75,26051000800,26035000800,26051000700,26051000500,26051000100,26035000100,0,0,0,0,0,0,0
26051000500,43.9461475,-84.4221326,0.001250232,43.10736,98.17,22.26,18.73,0.16,6.15,19.65,2.6,2056,69.55,15.78,13,51240,80550600,1.59,53.68941031,26111291601,26111291101,26111291700,26051000800,26051000900,26051000600,26051000700,26051000200,26051000400,26051000100,0,0,0
26051000600,43.9509247,-84.3381253,0.001272352,57.44534,95.75,16.39,22.17,0.46,9.02,28.44,2.26,1727,50.09,23.75,16.95,36754,33447000,4.18,65.1879236,26051000300,26051000900,26051000500,26051000200,0,0,0,0,0,0,0,0,0
26051000700,43.96586,-84.485754,0.001134309,148.7053,99.2,23.32,22.04,0.13,13.77,35.03,2.31,2154,87.33,16.59,18.77,39846,81047800,5.65,53.85427666,26051000800,26051000400,26051000500,0,0,0,0,0,0,0,0,0,0
26051000800,43.8614558,-84.5361177,0.001532875,87.89858,98.14,24.69,16.51,0.25,11.91,25.54,2.54,1884,82.91,13.34,15.16,48439,79682500,7.11,51.74006775,26111291601,26111291700,26051000500,26073940200,26035000800,26051000400,26051000700,0,0,0,0,0,0
26051000900,43.8485757,-84.2578399,0.000423874,68.25282,92.93,15.29,24.46,0.32,7.68,29.1,2.21,1562,54.99,15.45,22.15,47312,41965800,4.06,65.73426573,26111291101,26017286400,26051000500,26051000300,26051000600,0,0,0,0,0,0,0,0
26057000100,43.383117,-84.7965854,0.000956607,57.78846,99.12,23.53,15.55,0.07,10.06,19.23,2.59,1740,89.66,15.06,9.83,46200,70225100,4.8,45.93862816,26057000200,26057000800,26117971000,26117970100,26073000300,26073000900,0,0,0,0,0,0,0
26057000200,43.3775565,-84.606007,0.000997588,40.26852,99.63,23.59,16.04,0.27,6.78,18.63,2.62,2106,92.5,12.66,4.46,64423,119119300,1.3,43.35631091,26057000900,26057001000,26057000700,26057000800,26057000100,26057000600,26057000500,26057000300,26111291400,26073000900,26073000300,0,0
26057000300,43.4111733,-84.6112502,0.000648562,864.7582,96.38,19.97,14.2,13.33,15.17,31.53,2.41,2020,91.39,15.78,24.6,41049,87352500,8.08,65.26630339,26057000200,26057000500,0,0,0,0,0,0,0,0,0,0,0
26057000500,43.3920589,-84.6550467,0.000861553,1307.667,98.7,19.27,19.55,0.86,14.66,38.7,2.17,2345,92.24,8.42,17.39,44617,90172300,4.7,53.68185517,26057000200,26057000600,26057000300,0,0,0,0,0,0,0,0,0,0
26057000600,43.3675473,-84.655092,0.000550553,1055.62,95.52,24.32,10.82,0.78,16.06,27.94,2.49,1630,90.92,8.92,16.68,40721,60960700,2.4,41.45758662,26057000200,26057000500,0,0,0,0,0,0,0,0,0,0,0
26057000700,43.3766532,-84.4229489,0.001318756,46.97931,99.98,25.5,15.52,0.21,10.5,22.47,2.61,1457,88.88,7.6,8.7,56323,69785200,5.17,45.37941397,26057000200,26057000900,26145012500,26145012300,26145012200,26111291400,0,0,0,0,0,0,0
26057000800,43.1972098,-84.7335092,2.96E-05,39.40974,99.15,24.41,15.12,0.53,8.48,21.2,2.62,1807,90.04,13.12,8.18,58625,94094300,1.56,43.92605634,26057000900,26117971000,26057001000,26057000200,26057000100,0,0,0,0,0,0,0,0
26057000900,43.200853,-84.4799207,0.000546137,25.72154,99.63,23.63,17.08,0.5,7.78,22.03,2.57,1526,89.25,13.23,9.11,52375,69921100,2.85,48.23848238,26155030200,26057000800,26145012500,26057001000,26057000200,26057000700,0,0,0,0,0,0,0
26057001000,43.2549755,-84.6488594,0.000337406,109.6718,99.77,23.51,15.56,0.61,12.18,27.74,2.41,1707,91.86,14.31,11.16,52721,79715400,5.82,40.65541856,26057000900,26057000800,26057000200,0,0,0,0,0,0,0,0,0,0
26063950900,43.715853,-82.9886775,0.000240464,26.62861,99.86,25.98,15.91,0.52,7.36,25.32,2.55,1664,89,15.1,9.29,53706,80076800,2.88,42.44260204,26157000100,26151970200,0,0,0,0,0,0,0,0,0,0,0
26073000100,43.7733876,-84.9198778,0.000647077,34.0037,99.19,23.25,15.77,0.49,6.88,21.49,2.55,1869,76.19,15.76,12.44,52823,75906900,2.85,48.35061263,26073000200,26073940100,26107960100,26073940200,26035000500,26133970500,26035000400,26035000600,26035000800,0,0,0,0
26073000200,43.6368318,-85.0231147,0.000714988,69.50835,97.4,23.26,16.53,0.62,9.77,23.29,2.51,2446,78.29,14.1,10.74,53079,100002300,4.46,45.86427657,26073000300,26107961000,26073940600,26107960100,26073940100,26073000100,0,0,0,0,0,0,0
26073000300,43.5046203,-84.9075268,0.000714592,45.24781,99.74,26.81,11.55,0.74,7.72,21.06,2.71,1999,90.05,9.33,6.77,57535,99709700,1.62,36.53225806,26117970100,26117970200,26057000100,0,26107961000,26057000200,26073000900,26073000200,26073940600,26073000400,26073000800,0,0
26073000400,43.5754081,-84.8170626,0.00105106,630.5198,98.99,8.94,5.42,4.76,5.12,21,2.57,1630,95.83,2.63,8.05,51099,76649600,1.93,41.69014085,26073000300,26073940600,26073000800,26073000700,26073000500,26073940500,0,0,0,0,0,0,0
26073000500,43.5935923,-84.7745118,0.000421552,8425.067,100,4.03,2.57,2.83,3.97,21.24,3.02,1204,89.95,3.21,7.92,37746,41370700,1.92,48.60675039,26073000700,26073000400,0,26073940500,26073940300,0,0,0,0,0,0,0,0
26073000700,43.5752875,-84.7427842,0.000320936,2017.081,99.92,3.53,2.11,5.03,6.83,26.69,2.44,2600,97.42,11.86,61.82,15748,30710500,3.08,60.38717134,26073000900,26073000800,26073000400,26073940300,0,26073000500,0,0,0,0,0,0,0
26073000800,43.563675,-84.7683124,0.000525206,1003.63,99.28,12.44,1.64,4.8,8.81,19.42,2.62,1181,94.16,6.49,21.82,28538,32876900,1.13,47.10605554,26073000300,26073000400,26073000900,26073000700,0,0,0,0,0,0,0,0,0
26073000900,43.5287645,-84.6675098,0.00092939,80.04719,99.7,24.9,13.25,0.29,11.97,23.06,2.56,1788,90.21,10.35,5.77,52801,82845500,1.08,42.74832419,26057000200,26111291400,26057000100,26073000300,26073000800,26073000700,26073940300,26073940200,0,0,0,0,0
26073940100,43.6850441,-84.8475164,0.000836546,63.31322,99.06,26.92,12.81,0.53,9.66,23.22,2.61,1966,87.39,9.38,8.24,59722,98780300,3.39,40.51774287,26073000200,26073940600,26073940400,26073940300,26073940200,26073000100,0,0,0,0,0,0,0
26073940200,43.7106564,-84.6649237,0.001050424,63.8166,99.65,27.37,10.63,0.47,14.53,22.22,2.7,2315,90.97,18.17,14.93,55101,108934800,4.05,48.67298578,26073940300,26073000900,26111291400,26073940100,26111291700,26073000100,26035000800,26051000800,0,0,0,0,0
26073940300,43.615273,-84.7379235,0.000747669,522.7628,97.52,20.03,17.18,1.67,12.03,32.88,2.24,2352,92.98,9.65,8.65,58952,127631700,1.8,40.87707339,26073000900,26073000700,26073940200,26073940500,26073000500,0,26073940400,26073940100,0,0,0,0,0
26073940400,43.6221748,-84.7856071,0.000840998,966.3957,98.51,20.96,8.54,2.15,11.99,36.15,2.21,1689,93.84,16.38,19.04,50020,76331600,3.34,47.44962217,26073940500,26073940600,26073940300,26073940100,0,0,0,0,0,0,0,0,0
26073940500,43.6006358,-84.7811238,0.000716621,4088.539,97.67,14.64,6.96,3.22,11.2,36.43,2.18,1246,93.18,10.24,29.53,38382,47210100,2.36,36.88195991,26073940600,26073000400,26073000500,26073940300,26073940400,0,0,0,0,0,0,0,0
26073940600,43.6038075,-84.8939053,0.000783187,113.4344,99.09,23.91,13.09,0.74,7.85,19.68,2.59,2015,93.55,6.76,5.19,80413,150292500,1.66,35.63042369,26073000200,26073000300,26073000400,26073940500,26073940400,26073940100,0,0,0,0,0,0,0
26087330000,43.1744062,-83.045377,0.000684391,41.59068,99.01,24.02,12.32,0.41,6.82,18.99,2.71,1507,90.51,11.48,7.18,60340,82968800,2.69,46.50165017,26087338500,26087333000,26087332500,26151971100,26087330500,26151971000,0,0,0,0,0,0,0
26087330500,43.2784518,-83.2310074,0.00140645,44.31971,98.75,27.41,13.71,0.58,7.93,19.05,2.81,1235,88.83,12.66,9.73,56706,61356600,3.14,46.83491932,26157001200,26087331500,26087332000,26087332500,26087330000,26151971000,26157001000,26157001100,0,0,0,0,0
26087331000,43.2070728,-83.418425,0.000920985,128.4203,97.07,22.95,13.51,0.33,8.44,19.11,2.69,802,84.16,15.86,3.91,52289,36602300,5.71,58.42318059,26049012402,26087331500,26157001200,0,0,0,0,0,0,0,0,0,0
26087331500,43.1682035,-83.4006662,0.001676145,147.1125,94.14,25.26,11.29,0.29,8.94,20.36,2.73,1101,91.46,9.85,8.19,60864,61716300,4.14,43.28493648,26049012402,26087342100,26087334500,26087334000,26087332000,26087331000,26157001200,26087330500,0,0,0,0,0
26087332000,43.1914343,-83.2889514,0.000979434,160.8336,97.49,26.02,10.9,0.28,9.31,16.41,2.79,2395,85.22,12.81,6.15,70590,145840600,2.71,46.29306585,26087334500,26087331500,26087334000,26087333500,26087333000,26087332500,26157001200,26087330500,0,0,0,0,0
26087332500,43.1972032,-83.1797099,0.000995455,101.0231,99.18,26.94,11.91,0.36,9.45,21.54,2.74,1454,90.99,10.29,13.27,62210,79318600,3.69,46.64347826,26087333500,26087332000,26087333000,26087330000,26087330500,0,0,0,0,0,0,0,0
26087333000,43.1048303,-83.1657569,0.000465331,88.81859,96.9,22.81,14.62,0.35,6.21,18.64,2.65,1256,92.28,10.72,6.41,66812,78704700,2.63,50.49056604,26087333500,26087338000,26087338500,26087330000,26087332000,26087332500,0,0,0,0,0,0,0
26087333500,43.1063831,-83.2736599,0.001092478,240.4533,95.33,23.93,14.3,0.27,10.57,19.21,2.63,2301,92.96,7.65,5.24,67139,152339600,1.28,41.20437204,26087338000,26087337500,26087338500,26087333000,26087334000,26087332000,26087332500,0,0,0,0,0,0
26087334000,43.1089953,-83.3256445,0.000843014,247.6901,95.41,21.54,22.55,0.37,11.94,26.62,2.47,963,94.81,7.82,14.51,53356,47967300,3,51.01604278,26087334500,26087337000,26087337500,26087333500,26087331500,26087332000,0,0,0,0,0,0,0
26087334500,43.1029619,-83.3769454,0.000666758,155.3436,96.53,22.03,12.33,0,7.82,15.28,2.74,869,94.13,7.84,3.51,65869,55593600,0,43.12638581,26087336000,26087342100,26087337000,26087334000,26087331500,26087332000,0,0,0,0,0,0,0
26087336000,43.015767,-83.3930491,0.000801885,165.6508,93.65,21.49,14.36,0.44,8.42,19.73,2.59,2243,89.48,7.22,5.5,70526,152337100,3.7,51.30013222,26049011601,26087342000,26087341500,26087338000,26049011712,26087337000,26049011902,26087342100,26087334500,0,0,0,0
26087337000,43.0482808,-83.3366823,0.000915662,1108.995,97.6,24.49,17.29,0.87,19.25,42.73,2.06,1883,85.5,14.59,19.59,51806,82061700,7.26,57.26950355,26087336000,26087338000,26087336500,26087337500,26087334500,26087334000,0,0,0,0,0,0,0
26087337500,43.0503476,-83.3088894,0.001625547,1925.856,94.26,27.5,12.5,0.54,17.8,36.05,2.37,1995,88.72,15.49,19.35,46294,82912800,6.53,41.42194745,26087338000,26087337000,26087333500,26087334000,0,0,0,0,0,0,0,0,0
26087338000,43.0058113,-83.2713508,0.001031356,161.7217,97,22.45,14.76,0.26,7.8,18.23,2.69,2005,93.32,10.65,6.68,70742,134410200,1.63,43.89773275,26087336000,26087341500,26087341000,26087338500,26087337000,26087337500,26087333500,26087333000,0,0,0,0,0
26087338500,43.0242655,-83.1608969,0.000344752,135.5035,96.87,23.6,13.61,0.23,7.4,18.39,2.69,2001,87.76,8.63,5.28,64795,111513300,2.5,41.37931034,26087338000,26087341000,26087333500,26087333000,26087330000,0,0,0,0,0,0,0,0
26087341000,42.9375795,-83.1740282,0.000436933,136.4727,96.5,23.51,13.32,0.13,6.32,18.06,2.69,1908,92.87,5.02,4.64,110906,195195100,2.22,46.15002484,26125121000,26087341500,26125120300,26087338000,26087338500,0,0,0,0,0,0,0,0
26087341500,42.934679,-83.273424,0.000787137,124.1939,96.96,23.39,14.59,0.54,7.52,18.96,2.63,1806,89.09,5.66,7.25,84159,134149600,1.51,42.90438966,26125122200,26087342000,26125121400,26125121000,26087341000,26087336000,26087338000,0,0,0,0,0,0
26087342000,42.9263728,-83.3912341,0.000968639,135.3933,92.85,21.84,13.76,0.18,4.86,14.41,2.72,1802,92.4,9.32,8.76,84118,147124000,2.52,40.88454616,26049013401,26125122200,26125121400,26087341500,26049011601,26087336000,0,0,0,0,0,0,0
26087342100,43.0931098,-83.42843,0.001113838,195.656,89.5,22.07,11.75,0.2,7.22,17.94,2.63,1479,90.8,6.24,3.86,74583,97927900,1.9,43.89363099,26049011902,26087336000,26087334500,26049011901,26049012402,26087331500,0,0,0,0,0,0,0
26093710100,42.7751193,-83.7129378,0.00065897,497.5742,97.53,29.21,13.02,0.52,5.74,13.35,2.9,888,96.17,4.12,0,130493,112355100,0,41.90283401,26125125600,26093710700,26125125000,26093710500,26093710300,26049013204,26125124000,0,0,0,0,0,0
26093710300,42.7442859,-83.7750118,0.000893865,302.0037,95.03,26.87,10.34,0.67,9.88,15.56,2.85,1437,94.36,7.18,5.06,91074,115664300,0.94,44.95932083,26093712102,26093711000,26093713300,26093713100,26093710700,26093710500,26093710100,26049013002,26049013112,26049013204,0,0,0
26093710500,42.7508408,-83.7333701,0.000631421,357.8222,94.26,25.68,12.38,0.33,7.05,15.59,2.76,754,88.46,4.22,7.32,79961,56532800,0,48.16053512,26093710700,26093710300,26093710100,0,0,0,0,0,0,0,0,0,0
26093710700,42.720079,-83.7182328,0.000443553,145.7995,98.66,22.87,13.51,0.27,5.83,14.57,2.8,692,94.22,5.98,3.46,98245,63270100,1.55,40.65391733,26093713300,26093713100,26093710300,0,26125125600,26093710500,26093710100,26125125000,0,0,0,0,0
26093711000,42.7467018,-83.8657695,0.000767996,115.3274,96.1,25.59,10.66,0.26,6.07,17.34,2.82,1646,90.04,2.85,4.99,74863,112519700,1.86,38.45434715,26093712101,26093724003,26093721100,26093712102,26093713300,26093710300,26155031301,26049013001,26049013002,26049013112,0,0,0
26093712101,42.6552668,-83.9051422,0.001051445,318.7996,99.47,28.88,10.89,0.14,10.38,16.57,2.82,1045,95.89,6.8,4.44,88631,84909100,0.73,37.9501385,26093712601,26093725000,26093724003,26093712602,26093712102,26093721100,26093711000,0,0,0,0,0,0
26093712102,42.6666203,-83.8490548,0.000710609,155.2832,98.84,27.5,7.99,0.32,4.44,13.55,2.95,903,94.8,3.19,5.65,83484,75136200,1.67,35.39240506,26093712601,26093712101,26093712602,26093713700,26093713300,26093711000,26093710300,0,0,0,0,0,0
26093712601,42.6145148,-83.8854141,0.001110785,1201.297,89.97,28.84,10.09,0.31,9.2,14.91,2.81,1327,95.03,4.12,3.87,98414,123116200,2,32.5060048,26093742401,26093730102,26093725100,26093742402,26093712602,26093725000,26093724003,26093712101,26093712102,0,0,0,0
26093712602,42.6124793,-83.8249359,0.000591267,376.4466,99.18,34.3,7.24,0.83,5.54,10.34,3.2,969,96.8,3.51,1.95,98527,89955900,0,34.18638339,26093712601,26093742402,26093742201,26093713700,26093712101,26093712102,26093713300,0,0,0,0,0,0
26093713100,42.6666491,-83.7163513,0.000692558,301.3737,97.72,24.35,14.36,0.19,6.38,16.27,2.76,1802,94.84,5.47,1.38,87052,136062300,3.39,41.62610936,26093713300,26093713700,0,0,26125131800,0,26093710300,26093710700,26125125600,0,0,0,0
26093713300,42.6610232,-83.7712407,0.00146757,194.9181,96.49,28.61,13.07,0.6,6.3,18.04,2.89,621,91.95,7.12,0,105575,57222100,1.66,28.06291391,26093712602,26093712102,26093713700,0,26093713100,26093711000,26093710300,26093710700,0,0,0,0,0
26093713700,42.6097364,-83.7695214,7.04E-06,897.8715,97.72,34.13,5.35,0.72,8.01,13.48,3.06,1535,97.65,2.23,2.03,99117,149469100,2.98,30.84546299,26093712602,26093742201,0,26093712102,26093713300,26093713100,0,0,0,0,0,0,0
26093720100,42.7386083,-84.0906427,0.000346739,93.99335,99.83,28.88,8.46,0.28,8.51,15.18,2.95,1264,94.86,6.41,8.47,71517,90540700,1.82,33.29583802,0,26093724002,26093721100,26155031302,26155031301,0,0,0,0,0,0,0,0
26093721100,42.7333927,-83.9763685,0.000728572,87.47979,98.82,24.63,11.18,0.09,7.14,16.5,2.82,1295,90.81,9.07,5.07,70365,87323400,4.75,39.63898917,26093720100,0,26093724002,26093724003,26093712101,26093711000,26155031301,26049013001,0,0,0,0,0
26093724001,42.6166344,-84.0053572,0.000137186,243.2897,99.64,23.1,13.88,0.79,12.5,26.25,2.51,877,91.22,7.24,14.31,72976,60716200,0,40.24255788,26093730101,26093730102,26093725100,26093724002,0,0,0,0,0,0,0,0,0
26093724002,42.6556987,-83.9896488,0.000545472,163.4348,99.59,23.47,12.65,0.08,8.1,19.26,2.63,968,94.42,4.49,8.78,73296,72636400,2.83,32.55451713,26093725100,26093725000,26093724001,26093724003,0,26093720100,26093721100,0,0,0,0,0,0
26093724003,42.6584913,-83.9267275,0.000381514,258.2212,98.43,23.53,14.28,0.14,7.19,19.7,2.63,860,93.84,7.47,0,73834,62537900,0,34.88673139,26093712601,26093725000,26093712101,26093724002,26093721100,26093711000,0,0,0,0,0,0,0
26093725000,42.617149,-83.9344659,0.000338643,2164.522,92.38,22.1,14.87,0.25,11.81,40.35,2.12,2687,89.47,7.05,3.17,59866,136375100,0.83,31.72043011,26093725100,26093712601,26093724002,26093724003,26093712101,0,0,0,0,0,0,0,0
26093725100,42.6029232,-83.9416447,0.000446517,2354.538,99.73,24.48,11.8,0.61,16.35,30.92,2.44,1877,87,11.65,11.29,47963,80290200,2.45,45.19153496,26093724001,26093730101,26093730102,26093742401,26093712601,26093725000,26093724002,0,0,0,0,0,0
26093730101,42.5781224,-84.0072081,2.41E-05,222.0976,99.39,25.7,9.89,0.15,6.44,14.18,2.89,966,96.38,5.4,0,103363,91167000,0,36.16048756,26093730600,26093730102,26093724001,26093725100,0,0,0,0,0,0,0,0,0
26093730102,42.5668248,-83.9396705,0.000809396,336.3879,98.8,27.9,12.91,0.06,6.19,16.25,2.79,1345,96.06,5.97,5.94,83734,99057600,0.59,32.75233077,26093730600,26093742500,26093730101,26093742401,26093724001,26093725100,26093712601,0,0,0,0,0,0
26093730600,42.5201746,-83.9787227,4.99E-05,293.2145,94.52,27.11,10.49,0.16,6.19,12.06,2.88,1363,93.69,3.23,1.72,95981,115273600,1.67,29.07904278,26093742500,26093730102,26093730101,0,0,0,0,0,0,0,0,0,0
26093742201,42.577221,-83.8150353,0.000387772,583.3235,96.93,26.76,12.44,0.96,10.66,22.34,2.66,1256,93.39,6.6,3.49,84959,95749300,0,41.19525547,0,26093742402,26093712602,26093713700,0,0,0,0,0,0,0,0,0
26093742401,42.5831664,-83.8796284,0.000548214,421.107,99.66,25.7,6.75,1.14,20.74,35.85,2.21,550,93.82,10.11,21.66,35150,16415500,6.42,31.80026281,26093742700,0,0,26093742402,26093742500,26093730102,26093725100,26093712601,0,0,0,0,0
26093742402,42.5943935,-83.8654251,0.000777016,1716.029,80.91,24.06,11.2,0.31,8.89,28.2,2.39,1829,89.17,5.46,6.05,68336,119519900,2.97,35.22692189,0,26093742201,26093742401,26093712601,26093712602,0,0,0,0,0,0,0,0
26093742500,42.544465,-83.8862855,0.000389867,207.5019,97.41,25.64,11.24,1.01,5.48,12.61,2.78,831,94.46,3.34,5.44,97288,76663100,0,38.8165038,0,26093730600,26093742700,26093730102,26093742401,0,0,0,0,0,0,0,0
26093742700,42.5529419,-83.8538109,0.000164899,718.3038,86.18,22.59,19.65,0.69,4.91,19.21,2.55,1567,91,1.55,0.95,102441,143417500,1.29,44.67040673,26093742500,0,0,26093742401,0,0,0,0,0,0,0,0,0
26107960100,43.7338142,-85.1587286,0.000703349,34.15256,98.77,22.41,19.79,0.97,10.31,26.63,2.47,1451,68.85,13.34,12.06,49743,55016200,2.71,52.96590378,26073000200,26107961000,26107960200,26073000100,26107960300,26035000500,26133970500,0,0,0,0,0,0
26107960200,43.6771686,-85.2244912,0.000317309,50.64513,92.44,18.95,22.66,1.33,8.97,23.74,2.32,2346,52.26,12.64,5.52,54083,68307000,3.56,55.39538715,26107961000,26107960100,26107960300,0,0,0,0,0,0,0,0,0,0
26107960300,43.7331569,-85.3527528,0.000154587,41.89196,95.56,22.93,18.23,0.73,8.57,24.02,2.44,1784,66.03,7.56,6.03,56307,67231300,3.35,43.5818262,26107960200,26107960100,26133970500,0,0,0,0,0,0,0,0,0,0
26107961000,43.5350978,-85.2298869,0.000120002,44.60878,98.99,23.45,23,0.4,6.37,23.31,2.5,3148,73.32,10.17,8.63,48987,118158800,2.16,55.38694992,0,26117970200,26073000300,26073000200,26107960100,26107960200,0,0,0,0,0,0,0
26111290100,43.6176309,-84.2376709,0.00012589,3617.882,99.04,21.41,13.7,2.04,12.15,41.28,2.18,1721,92.33,8.67,10.84,43881,70957000,1.92,42.04244032,26111290500,26111290600,26111290400,0,26111290300,0,0,0,0,0,0,0,0
26111290300,43.6331421,-84.2324366,0.00091305,2410.801,100,23.46,17.7,1.34,8.29,26.59,2.4,1734,94.58,3.79,1.67,89630,155778600,2.88,43.91054699,26111290100,0,26111290400,0,26111290900,26111291000,0,0,0,0,0,0,0
26111290400,43.6215304,-84.2695317,0.001056268,527.5548,96.94,19.19,15.01,6.62,8.78,26.61,2.48,795,91.7,9.35,8.84,124718,91418400,3.27,60.41586446,26111290500,26111291200,26111290100,26111290300,26111291000,26111290900,0,0,0,0,0,0,0
26111290500,43.5849689,-84.2539377,0.001284861,254.6181,78.6,25.7,13.71,0.66,7.46,17.1,2.67,767,96.09,6.7,7.89,68728,47835000,3.02,39.84526112,26111291200,26111291300,26111290600,26111290400,26111290100,0,0,0,0,0,0,0,0
26111290600,43.5914259,-84.1965115,0.000456967,285.8791,96.78,22.66,12.32,1.74,16.05,33.66,2.24,1136,89.96,17.11,8.68,36235,37612500,5.97,41.97080292,26145010100,26111291300,26111290500,26017285600,26111290100,0,0,0,0,0,0,0,0
26111290900,43.6475643,-84.2215974,0.00028193,3052.707,99.93,27.69,14.46,1.82,8.48,22.6,2.57,3123,95.9,1.8,7.25,94232,286561700,0.3,43.31177672,0,26111290300,26111291102,26111291000,26111290400,0,0,0,0,0,0,0,0
26111291000,43.6464585,-84.2688725,0.000910469,2840.5,99.9,21.88,15.25,1.73,6.95,29.55,2.32,2803,94.4,2.62,5.48,85256,221155800,2.2,47.79861797,26111291200,26111290400,26111290300,26111290900,26111291102,0,0,0,0,0,0,0,0
26111291101,43.7779059,-84.25202,0.000485153,57.12828,98.8,23.1,14.01,0.49,8.32,18.35,2.61,1580,88.99,13.08,9.47,58038,81833700,2.41,43.76068376,26111291102,26111291601,26051000500,26051000900,26017286400,0,0,0,0,0,0,0,0
26111291102,43.6951178,-84.2775803,0.000772848,159.3069,99.74,26.04,15.22,0.78,6.5,20.82,2.64,3543,95.03,7.74,4.09,97202,312894700,1.74,45.3514071,26017285600,0,0,26111290900,26111291000,26111291200,26111291602,26111291101,26111291601,0,0,0,0
26111291200,43.611856,-84.3293159,0.001224076,230.8412,98.21,24.27,13.39,0.8,8.84,18.36,2.62,2139,94.72,6.8,5.35,74188,152012100,0.98,48.67215041,26111291300,26111291500,26111290500,26111290400,26111291602,26111291000,26111291102,0,0,0,0,0,0
26111291300,43.5174439,-84.2798439,0.000987537,73.37537,99.78,24.47,13.55,0.48,7.58,17.88,2.67,1725,94.03,6.65,5.51,67565,112767500,1.5,39.43621868,26145012200,26145012100,26111291400,26145012002,26145010100,26111290600,26111291500,26111291200,26111290500,0,0,0,0
26111291400,43.5238995,-84.4993682,0.001260147,39.5273,98.52,24.26,12.05,0.07,7.7,19.43,2.65,1731,91.57,15.43,7.96,55282,89613300,2.9,47.79911374,26057000700,26145012200,26057000200,26073000900,26111291300,26111291500,26073940200,26111291602,26111291700,0,0,0,0
26111291500,43.5980571,-84.4265698,0.001628719,121.1462,99.13,25.03,11.01,0.39,9.78,17.22,2.73,1683,93.52,15.53,15.43,53521,83492800,2.95,47.59293114,26111291400,26111291300,26111291200,26111291602,26111291700,0,0,0,0,0,0,0,0
26111291601,43.7653642,-84.4418086,0.000992169,73.30001,96.91,21.05,15.25,0.16,8.66,20.57,2.51,1296,78.4,14.3,4.99,64742,69792300,3.15,45.98130841,26111291602,26111291102,26111291700,26111291101,26051000500,26051000800,0,0,0,0,0,0,0
26111291602,43.682589,-84.41878,0.001226322,151.7037,88.63,22,16.33,0.1,9.26,22.97,2.45,2142,91.27,11.75,13.75,61005,119754500,0.25,46.03216451,26111291200,26111291500,26111291400,26111291700,26111291102,26111291601,0,0,0,0,0,0,0
26111291700,43.7367787,-84.5567067,0.001021279,61.77984,99.05,23.47,16.12,0.25,9.08,24.44,2.46,2031,88.43,12.45,9.35,50108,92449600,4.66,44.22043011,26111291400,26111291500,26111291602,26073940200,26111291601,26051000800,26051000500,26035000800,0,0,0,0,0
26117970100,43.3720449,-84.9108603,0.000597647,56.91777,99.19,24.66,14.22,0.63,10.04,21.81,2.66,1978,84.13,16.85,19.46,42081,67540400,1.87,51.55096012,26057000100,26117971000,26117970900,26117970200,26073000300,0,0,0,0,0,0,0,0
26117970200,43.3863766,-85.0292964,0.000102849,53.9274,99.68,22.93,17.6,0.29,13.12,24.75,2.43,1612,87.97,15.02,13.15,44155,60272000,4.32,48.00431499,26117970900,26117970100,0,26073000300,26107961000,0,0,0,0,0,0,0,0
26117970900,43.248979,-84.9384992,1.54E-05,75.0599,95.25,23.53,15.7,0.22,10.01,26.38,2.5,1944,66.31,12.06,15.35,47158,60221100,2.58,51.77629265,26117971000,26117970100,26117970200,0,0,0,0,0,0,0,0,0,0
26117971000,43.1703843,-84.9428764,1.35E-05,88.47712,99.61,17.31,11.11,17.59,11.1,22.33,2.66,1923,89.91,14.17,9.19,53181,109872100,2.13,59.72125436,26057000800,26117970900,26057000100,26117970100,0,0,0,0,0,0,0,0,0
26125120300,42.8407,-83.1914382,0.000291088,148.5783,95.94,21.92,13.99,0.68,6.04,16.19,2.68,1328,89.76,8.63,3.59,108245,123941600,2.1,40.11887073,26125121000,26087341000,0,0,0,0,0,0,0,0,0,0,0
26125121000,42.852849,-83.268547,0.000703638,217.4427,98.33,27.17,9.15,2.05,15.71,21.61,2.67,1368,91.67,10.5,11.1,69024,75720300,1.46,41.6447944,26125120300,26125121400,26087341500,26087341000,0,0,0,0,0,0,0,0,0
26125121400,42.8482391,-83.3032511,1.36E-05,491.9011,96.07,32.27,12,1.73,5.5,18.77,2.9,1462,93.3,6.15,2.67,95343,116223500,2.95,33.58778626,26125121000,26125122400,26125122200,26087342000,26087341500,0,0,0,0,0,0,0,0
26125122200,42.8614851,-83.3905565,0.001122995,236.3033,98.97,24.77,8.05,0.77,4.61,13.84,2.9,1248,95.51,8.17,3.79,89267,102121600,0,32.07898659,26125122400,26125122700,26125121400,26125122900,26125123100,26049013401,26087342000,26087341500,0,0,0,0,0
26125122400,42.8198012,-83.3714058,0.00061138,566.507,98.24,28.3,8.59,0.99,11.26,16.65,2.88,2502,93.37,11.31,5.92,74811,171841800,2.44,36.67541229,26125127100,26125122700,26125122200,26125121400,0,0,0,0,0,0,0,0,0
26125122700,42.8136947,-83.4199535,0.001977377,482.4492,92.76,23.73,9.4,0.66,9.28,17.13,2.69,1248,89.82,3.54,8.15,82044,97059000,0.85,41.98113208,26125123100,26125127100,26125122400,26125122200,26125122900,0,0,0,0,0,0,0,0
26125122900,42.8485128,-83.421668,0.002186283,924.1592,99.42,26.42,7.6,0.69,14.52,19.21,2.78,726,91.05,4.79,14.37,74956,48797000,2.76,36.38360176,26125123100,26125122700,26125122200,0,0,0,0,0,0,0,0,0,0
26125123000,42.8259746,-83.5440998,0.00135298,141.0038,96.81,25.38,10.35,1.46,10.14,21.53,2.71,1032,85.08,10.95,14.06,71245,59062400,0.84,47.02161307,26125125000,26125124000,26125126400,0,26125123100,26049011101,26049013401,0,0,0,0,0,0
26125123100,42.8417221,-83.480889,0.001186471,168.5995,98.83,22.86,10,0.75,4.79,11.92,2.86,1125,94.67,6.43,2.63,101874,98817900,1.96,42.5137073,0,0,26125123000,26125127100,26125122700,26125122900,26125122200,26049013401,0,0,0,0,0
26125124000,42.8335462,-83.6284023,0.001346776,167.0337,94.74,22.79,12.93,3.18,7.12,19.61,2.62,2166,91.37,4.75,3.07,77798,130778700,1.43,43.69402082,26049013204,26093710100,26125125000,26125124500,26125126400,26125123000,26049013202,26049013301,26049012906,26049011102,26049011101,26049013401,0
26125124500,42.7987992,-83.6229675,0.000842552,2200.009,90.64,25.5,12.52,1.15,13.14,30.93,2.45,2701,90.74,12.41,7.61,58723,142699200,3.29,40.20110815,26125125000,26125124000,0,0,0,0,0,0,0,0,0,0,0
26125125000,42.7621227,-83.6255958,0.000466741,212.9021,95.91,23.29,12.41,1.62,5.84,14.06,2.82,1305,93.18,9.96,9.26,82582,96622100,4.27,37.84461153,26125125600,26093710700,26093710100,26125126500,26125126400,26049013204,26125124000,26125124500,26125123000,0,0,0,0
26125125600,42.7158147,-83.6344591,0.000316986,152.831,95.2,21.2,11.74,0.86,6.16,17.61,2.63,1180,89.49,10.99,0.99,88983,93433100,0,41.33738602,0,26093713100,26093710700,0,0,0,26125126500,26093710100,26125125000,26125126400,0,0,0
26125126400,42.7468508,-83.5010101,0.00025796,294.8247,97.19,22.54,12.25,0.71,6.24,13.24,2.76,1362,95.37,7.74,1.94,90282,114839100,0.94,33.40213278,26125126500,26125127100,0,26125125600,26125125000,26125124000,26125123000,0,0,0,0,0,0
26125126500,42.7157507,-83.5248229,3.80E-05,249.0397,96.45,27.16,8.34,1.06,6.67,14.17,2.88,1169,92.39,3.94,0,95226,103796800,0.83,42.14368037,0,26125125600,0,26125126400,26125125000,0,0,0,0,0,0,0,0
26125127100,42.7701311,-83.4038752,0.000156148,451.2809,98.23,26.36,11.44,1.06,5.61,11.06,2.87,1905,96.33,1.96,2.62,129357,230514300,1.46,44.05964406,0,26125126400,0,26125123100,26125122700,26125122400,0,0,0,0,0,0,0
26125131800,42.6585326,-83.6464004,2.96E-05,641.098,97.09,25.2,10.59,0.47,12.41,22.7,2.62,1608,90.67,12.31,14.47,72703,108110000,1.28,39.1520371,0,0,26093713100,0,0,0,0,0,0,0,0,0,0
26129950200,44.3895372,-84.2660072,5.37E-05,18.84575,99.48,20.86,20.86,0.24,7.01,23.61,2.43,2425,57.65,15.87,8.35,54980,66306700,2.16,53.05129165,26143971100,26129950600,0,0,0,0,0,0,0,0,0,0,0
26129950600,44.2050554,-84.207069,0.00064182,33.71714,98.42,20.76,19.07,0.04,8.84,24.46,2.42,1680,66.67,19.23,12.83,44355,45109600,3.54,52.48594898,26051000100,26143971100,26051000200,26051000300,26011970200,26129950200,0,0,0,0,0,0,0
26133970500,43.8675694,-85.2391134,0.000165053,39.19881,97.66,23.73,18.27,0.33,6.85,23.63,2.53,3052,57.4,19.14,12.87,44673,76392400,1.75,56.03799186,26073000100,26107960100,26035000500,26107960300,26035000400,0,0,0,0,0,0,0,0
26143971100,44.2449873,-84.4922795,0.000154064,19.11612,98.62,15.38,26.57,0.57,7.44,30.06,2.14,2482,52.54,20.69,31.1,36412,47955200,5.92,67.77950311,26051000100,26035000100,0,26129950600,26129950200,0,0,0,0,0,0,0,0
26145000100,43.4500993,-83.9196524,0.000646533,633.9973,89.13,28.46,10.6,78.8,43.38,30.7,2.54,439,80.87,29.6,61.25,23354,10019000,14.22,87.35751295,26145000400,0,0,26145001900,26145010700,26145010800,0,0,0,0,0,0,0
26145000400,43.4325065,-83.9296472,0.000694962,2180.592,94.91,21.75,14.5,78.75,28.95,46.38,2.21,853,71.28,42.34,73.59,18121,11652400,17.57,88.27720207,26145000600,26145001800,0,0,0,26145000100,26145001900,0,0,0,0,0,0
26145000600,43.4142933,-83.9496824,0.000804359,1470.235,90.79,29.62,10.06,68.99,33.24,32.39,2.61,903,78.29,32.64,33.17,31451,22644800,4.86,66.41483516,0,26145001000,26145001100,26145001300,26145001700,0,26145001800,26145000400,0,0,0,0,0
26145001000,43.3995894,-83.9370103,7.37E-05,3785.086,100,29.53,8.62,74.34,35.05,31.35,2.57,1963,83.85,17.02,50.4,32933,52858600,14.95,59.52803857,26145011500,26145011800,26145011000,26145001100,0,26145000600,0,0,0,0,0,0,0
26145001100,43.3938358,-83.9561069,0.001376407,2046.24,92.91,38.8,7.34,69.01,49.28,23.7,2.86,1294,86.09,24.87,61.85,21891,26116900,25.31,72.29879947,26145011800,26145011901,26145001200,26145001000,26145001300,26145000600,0,0,0,0,0,0,0
26145001200,43.3960226,-83.9822169,0.000696683,1684.287,93.53,32.36,8.43,26.45,28.11,27.6,2.66,1358,86.45,17.39,27.78,34489,43870200,11.01,49.82192323,26145011901,26145001100,26145010600,26145001300,0,0,0,0,0,0,0,0,0
26145001300,43.4105324,-83.9739061,0.000850469,3869.604,91.96,28.26,9.2,30.44,25.85,31.33,2.6,1209,75.52,24.03,26.93,32854,28780800,11.19,52.13367609,26145001100,26145001200,0,26145000600,26145001700,0,0,0,0,0,0,0,0
26145001700,43.4206778,-83.9623186,0.000985122,5660.96,89.92,22.65,7.81,34.44,23.38,42.25,2.35,1014,78.9,25.92,37.9,28409,24489000,10.21,71.61172161,26145000600,26145001300,0,26145001800,0,0,0,0,0,0,0,0,0
26145001800,43.4308181,-83.951117,8.21E-05,2634.034,92.79,31.36,7.67,33.47,31.56,31.7,2.7,932,76.5,23.39,22.37,42801,28933900,7.54,54.25454545,26145000600,26145001700,26145000400,0,0,26145001900,0,0,0,0,0,0,0
26145001900,43.440172,-83.9501982,0.000377875,3999.277,93.33,32.36,7.16,27.4,31.58,28.67,2.71,880,82.05,24.44,19.88,33586,23611400,3.7,54.03225806,26145000400,26145001800,0,26145000100,26145010700,0,0,0,0,0,0,0,0
26145010100,43.5200017,-84.0986122,0.000911082,276.6338,98.84,23.47,9.63,9.13,8.37,19.06,2.69,3199,95.62,7.73,2.37,83550,228676700,3.4,50.23929806,26145010200,26145010302,26145012002,26145012100,26111291300,26017285400,26111290600,26017285500,26017285600,0,0,0,0
26145010200,43.5055528,-83.9851921,0.001900969,273.4059,98.79,8.23,6.79,7.96,7.31,22.32,2.51,1059,94.33,9.7,12.7,59334,105378300,4.11,39.07785336,26145010700,26145010800,26145010304,26145010303,26145010302,26145010100,26017285400,0,0,0,0,0,0
26145010302,43.4608652,-84.0626966,0.001131323,948.3444,98.09,21.59,19.73,7.86,8.56,26.36,2.41,3282,93.97,7.36,4.11,77642,214449100,0.8,42.24883566,26145010502,26145012001,26145012002,0,0,26145010303,26145010200,26145010100,0,0,0,0,0
26145010303,43.4657748,-84.00513,0.001117792,1732.188,100,19,24.53,5.7,5.51,30.22,2.27,1623,95.01,5.42,2.98,80194,124220800,2.84,45.88045234,0,0,26145010304,0,26145010302,26145010200,0,0,0,0,0,0,0
26145010304,43.4689269,-83.9839158,0.001530647,1311.821,98.54,21.16,14.24,12.77,15.92,32.88,2.22,2412,94.82,13.54,24.74,51262,102679100,1.9,50.74358974,26145010700,0,0,26145010303,26145010200,0,0,0,0,0,0,0,0
26145010502,43.422535,-84.0351762,0.000602636,1790.046,97.63,17.85,19.95,8.19,11.75,39.56,2.03,2933,93.42,6.75,4.5,56533,137603400,1.15,43.54389224,26145011901,26145010600,0,26145012001,0,0,26145010302,26145012002,0,0,0,0,0
26145010600,43.4040509,-84.0113615,0.000756569,1630.323,94.6,24.1,13.05,18.15,18.24,33.52,2.31,1188,90.91,19.75,17.62,46560,50191800,4.08,38.87387387,26145011901,26145001200,26145010502,0,0,0,0,0,0,0,0,0,0
26145010700,43.4593114,-83.9391379,0.001147351,1829.006,94.93,23.73,15.4,11.68,18.93,27.96,2.47,2649,92.75,10.79,14.44,46944,115296200,5.42,46.04926108,26145000100,26145001900,0,26145010304,26145010800,26145010200,0,0,0,0,0,0,0
26145010800,43.479556,-83.9002667,0.001411838,238.9922,79.36,25.23,15.98,24.62,15.8,28.46,2.47,1138,89.54,10.48,13.35,41896,46630900,6.74,55.33807829,26145011000,26145011100,0,0,26145000100,26145010700,26145010200,26017285300,26017285400,0,0,0,0
26145011000,43.4059471,-83.8939978,0.000119908,1444.945,99.24,28.46,14.45,74.57,33.6,31.83,2.45,2781,89.36,26.12,31.82,34481,86721300,3.38,66.33621599,26145011701,26145011100,26145011500,26145001000,0,0,26145010800,0,0,0,0,0,0
26145011100,43.4547926,-83.851385,0.001464951,64.33139,98.51,21.51,16.85,10.1,11.54,28.28,2.42,756,91.67,13.28,10.35,54268,42546700,4.72,39.86054619,26145011701,26145011300,26145011200,26145011000,26145010800,26017285300,0,0,0,0,0,0,0
26145011200,43.4327928,-83.7601889,0.000791129,54.98184,99.96,21.94,17.14,0.46,4.35,19,2.56,792,95.71,8.62,6.42,66213,48733300,0.95,38.47583643,26145011701,26145011300,26145011100,26157000800,26017285300,0,0,0,0,0,0,0,0
26145011300,43.3452162,-83.754748,0.001129549,195.6282,99.43,20.25,26.16,0.48,6.13,31.6,2.28,3161,92.41,8.42,2.84,80818,216432400,0.11,45.33811475,26157001300,26145013100,26157000800,26145013000,26145011702,26145011701,26145011200,26145011100,0,0,0,0,0
26145011500,43.3844017,-83.9097301,0.001037918,972.8427,100,26.21,13.46,29.91,24.23,31.06,2.43,1227,93.15,25.63,31.37,31917,33481300,4.77,52.05479452,26145011600,26145011800,26145011701,26145001000,26145011000,0,0,0,0,0,0,0,0
26145011600,43.3584563,-83.8956582,0.00100269,628.2978,98.06,22.51,17.23,44.59,20.16,27.23,2.4,1673,90.44,12.39,8.76,53818,75077300,7.67,48.54742737,26145011701,26145011702,26145011800,26145011500,0,0,0,0,0,0,0,0,0
26145011701,43.3720328,-83.8464876,0.001062013,149.9198,99.69,19.2,19.87,7.98,9.41,23.09,2.41,724,93.92,10.43,2.55,57564,36150800,1.75,48.54651163,26145011702,26145011300,26145011600,26145011500,26145011200,26145011100,26145011000,0,0,0,0,0,0
26145011702,43.3252634,-83.8796361,0.000890195,159.358,98.08,18.59,16.84,1.59,10.26,20.74,2.47,1014,93.2,12.75,8.13,55095,47823200,1.15,43.90625,26145013100,26145013000,26145011300,26145012900,26145011800,26145011701,26145011600,0,0,0,0,0,0
26145011800,43.3415163,-83.9861209,0.001735683,84.13522,93.28,22.76,17.37,15.65,14.37,22.4,2.53,912,91.56,15.38,8.55,59399,44905700,2.65,56.85483871,26145012900,26145012600,26145011901,26145013000,26145011702,26145011600,26145011500,26145001100,26145001000,0,0,0,0
26145011901,43.3657274,-84.0540054,0.00178854,120.8825,87.52,22.34,15.87,0.25,8.87,19.54,2.6,800,97.25,7.15,6.43,60721,44812200,1.63,43.34155364,26145012900,26145012600,26145011800,26145011902,26145001100,26145001200,26145010600,26145012003,26145012001,26145010502,0,0,0
26145011902,43.3478063,-84.1229655,0.001342982,101.6716,96.39,20.78,16.36,0.3,8.03,20.85,2.52,966,95.34,9.05,8.25,68660,60489900,0.57,49.21414538,26145012600,26145011901,26145012400,26145012300,26145012003,26145012100,0,0,0,0,0,0,0
26145012001,43.4176071,-84.0577717,0.00077885,1098.219,96.73,21.14,18.58,0.9,12.17,22.45,2.49,1489,96.04,12.36,4.98,64529,80080800,3.79,49.60988296,26145011901,26145012003,26145010502,26145012002,26145010302,0,0,0,0,0,0,0,0
26145012002,43.4561229,-84.1272442,0.001265719,245.5313,96.45,22.44,14.74,1.21,5.95,16.18,2.63,1492,96.92,6.46,0,107563,136820700,2.91,38.8852459,26145012001,26145012003,26145012100,26145010502,26145010302,26145010100,26111291300,0,0,0,0,0,0
26145012003,43.4115564,-84.1208107,0.001024232,383.1672,95.68,17.89,26.54,1.11,8.36,34.73,2.18,2216,93.41,12.59,6.77,58414,112154900,0.78,49.31612903,26145011901,26145011902,26145012001,26145012300,26145012100,26145012002,0,0,0,0,0,0,0
26145012100,43.4393868,-84.2396573,0.001315151,112.886,99.03,23.43,16.22,0.27,10.56,20.81,2.57,1714,93.93,8.37,5.42,65808,103318800,2.04,42.48927039,26145012300,26145012200,26145011902,26145012003,26145012002,26111291300,26145010100,0,0,0,0,0,0
26145012200,43.4395206,-84.3205142,0.001266517,66.16161,99.9,22.44,17.22,0.6,9.89,23.29,2.52,692,94.94,9.47,10.13,54094,33809100,1.76,41.12359551,26057000700,26145012300,26145012100,26111291400,26111291300,0,0,0,0,0,0,0,0
26145012300,43.3551354,-84.2782325,0.001448869,51.49219,99.7,22.72,15.04,0.19,6.24,17.62,2.67,1214,96.29,9.73,7.71,63014,74860800,2.36,49.61508853,26057000700,26145012500,26145012400,26145012600,26145011902,26145012200,26145012100,26145012003,0,0,0,0,0
26145012400,43.2613253,-84.2206651,0.00162881,54.61768,99.21,22.42,12.87,0.3,8.93,17.46,2.71,785,94.14,14.12,5.14,57172,41221200,1.25,45.07936508,26145012500,26145012700,26145012600,26145012300,26145011902,0,0,0,0,0,0,0,0
26145012500,43.1987042,-84.2793575,0.001530907,48.97503,99.5,24.35,13.5,0.45,9.28,19.96,2.67,1724,91.24,16.7,7.97,50977,77690300,2.3,50.35847433,26057000900,26155030200,26155030100,26145012700,26145012600,26145012400,26057000700,26145012300,0,0,0,0,0
26145012600,43.270034,-84.1012951,0.001696118,93.46767,98.18,23.07,16.19,0.76,12.31,25.8,2.45,1543,93.71,10.47,9.39,54295,74385000,2.41,43.00960512,26145012900,26145012700,26145012500,26145012400,26145011901,26145011800,26145011902,26145012300,0,0,0,0,0
26145012700,43.1739049,-84.1096236,0.001741418,139.239,99.11,22.8,17.49,0.44,9.8,26.16,2.41,2041,91.96,13.45,10.22,55044,96659000,3.82,49.52606635,26155030100,26145012500,26145012900,26145012600,26145012400,0,0,0,0,0,0,0,0
26145012900,43.2128251,-83.9933506,0.001758069,67.21106,98.55,23.78,13.94,1.39,7.62,19.5,2.67,1875,95.2,12.77,6.51,59573,98296100,3.64,50.62893082,26155030100,26145012700,26049010700,26049012603,26049012601,26145012600,26145013000,26145011901,26145011800,26145011702,0,0,0
26145013000,43.2597222,-83.8652136,0.001523315,127.7405,99.43,24.85,11.68,0.82,10.37,16.04,2.74,1757,93.34,12.69,6.49,62368,91556500,2.93,46.96117051,26049012601,26145012900,26049010201,26145013100,26145011300,26145011702,26145011800,0,0,0,0,0,0
26145013100,43.2639584,-83.7600312,0.001560244,169.9152,99.84,23.94,14.65,0.56,9.81,22.42,2.56,2518,93.53,10.87,2.94,67968,148511300,2.52,50.10566763,26049012601,26145013000,26049010201,26049010111,26049010112,26157001300,26145011300,26157000800,26145011702,0,0,0,0
26151970200,43.6165904,-82.8941702,0.000738384,17.01724,99.86,24.45,16.53,0,7.35,22.77,2.62,1201,80.43,17.93,9.28,49914,48017900,2.7,46.89265537,26151970300,26151970900,26157000400,26157000100,26063950900,0,0,0,0,0,0,0,0
26151970300,43.5007611,-82.9954032,0.001456224,27.06767,99.87,26.74,14.61,0.4,8.6,21.97,2.71,1635,83.24,16.14,10.83,46442,67342200,2.34,45.2094836,26157000500,26157001100,26151971000,26151970900,26151970200,26157000400,26157000100,0,0,0,0,0,0
26151970900,43.4248858,-82.8151848,5.67E-05,67.76598,99.95,22.01,17.34,0.93,11.87,32.67,2.31,2299,90.13,12.5,12.64,44285,91848500,5.69,51.86370912,26151971000,26151970300,26151970200,0,0,0,0,0,0,0,0,0,0
26151971000,43.3633668,-82.9947897,0.001081608,49.09526,99.96,24.25,16.1,0.29,10.38,25.16,2.55,1948,88.55,11.87,13.94,49751,86666800,3.5,46.23229462,26087330500,26087330000,26151971100,26157001100,26151970900,26157000500,26151970300,0,0,0,0,0,0
26151971100,43.2510405,-82.9353023,0.00023559,49.59133,99.89,28.8,13.01,0.11,10.9,22.56,2.74,1461,89.19,22.32,14.96,48879,65156800,2.33,53.4203103,26087330000,26151971000,0,0,0,0,0,0,0,0,0,0,0
26155030100,43.0571676,-84.0288611,0.001212793,54.18874,99.76,22.43,16.46,0.22,8.18,19.16,2.61,2454,93.15,10.13,7.53,62389,140936800,3.01,45.35699546,26155031700,26155031302,26155031800,26155031900,26049012801,26049012703,26155030300,26155030200,26049010700,26145012500,26145012700,26145012900,26049012603
26155030200,43.0639976,-84.2944485,0.000674675,41.97357,99.49,21.6,15.58,0.31,7.54,18.99,2.58,1500,92,12.65,5.79,61790,79216000,1.56,41.64866811,26155030300,26155031700,26155030100,26057000900,26145012500,0,0,0,0,0,0,0,0
26155030300,42.999132,-84.2335158,0.000487459,153.979,98.15,20.65,21.39,0.12,9.14,29.17,2.34,2255,93.66,14.66,11.93,53467,116665800,1.83,48.95457823,26155031600,26155030200,26155030800,0,26155030400,26155030500,26155031700,26155030100,0,0,0,0,0
26155030400,43.0062691,-84.1845814,0.001300794,2766.427,97.52,22.08,19.88,0.46,12.18,33.6,2.24,1383,90.82,5.6,12.06,68357,84011000,5.78,46.36030907,26155030600,0,26155030500,26155030300,0,0,0,0,0,0,0,0,0
26155030500,43.0032883,-84.1647566,0.000409028,4724.371,98.84,26.24,13.19,0.47,16.18,29.14,2.49,1499,91.13,11.15,11.95,47493,65540700,4.06,43.23111444,26155030600,26155030800,26155031600,26155031700,26155030400,26155030300,0,0,0,0,0,0,0
26155030600,42.9980354,-84.1762226,0.001298947,3793.198,96.91,25.74,7.75,0.84,17.25,38.04,2.34,964,82.37,13.43,27.25,33703,27670900,11.45,45.29058116,0,26155030800,26155030500,26155030400,0,0,0,0,0,0,0,0,0
26155030800,42.9877798,-84.167784,0.000344155,3332.362,98.33,23.4,10.29,1.68,16.81,32,2.44,1478,91.34,12.02,21.03,37916,51718200,3.81,49.96141975,26155030300,26155031600,0,26155030600,26155030500,0,0,0,0,0,0,0,0
26155031301,42.8197161,-84.0112705,0.000938829,80.23705,98.39,25.12,12.88,0.26,7.87,17.35,2.74,1700,91.88,8.5,4.87,61039,104011000,2.76,46.69939989,26155031302,26093720100,26093721100,26093711000,26049013001,26155031800,26049012801,0,0,0,0,0,0
26155031302,42.8827349,-84.1089206,0.000235052,77.82259,97.29,23.54,12.06,0.19,7.29,16.81,2.74,1659,91.8,7.78,4.11,58477,91927300,1.4,50.52902488,26093720100,26155031301,26155031800,26155031600,26155031700,26155030100,0,0,0,0,0,0,0
26155031600,42.975798,-84.1411962,0.000790477,596.9272,99.25,22.74,15.3,1.11,15.92,28.57,2.4,1744,91.11,14.66,14.49,50969,80888800,1.32,47.6088943,26155031302,26155030300,26155031700,26155030800,26155030500,0,0,0,0,0,0,0,0
26155031700,43.007041,-84.0906091,0.000980154,145.7066,98.94,23.75,17.1,0.2,9.6,26.65,2.44,1770,94.12,8.19,8.54,59810,98089100,0.79,44.11057692,26155031600,26155031302,26155030100,26155030500,26155030300,26155030200,0,0,0,0,0,0,0
26155031800,42.9037633,-84.0015164,0.000705855,182.4934,99.23,23.23,17.07,0.46,10.79,26.39,2.48,1890,89.21,15.78,13.69,45891,74205800,1.11,54.19296664,26155031302,26155031301,26049013001,26049012801,26155031900,26155030100,0,0,0,0,0,0,0
26155031900,42.9267093,-83.9609951,0.001022831,308.3867,98.73,24.51,14.78,0.19,13.44,26.15,2.5,2064,72.43,8.79,16.2,50939,86393400,2.54,51.77853387,26155031800,26049012801,26155030100,0,0,0,0,0,0,0,0,0,0
26157000100,43.6287343,-83.2042566,0.00062729,83.28216,98.8,24.06,19.35,0.34,10.98,27.93,2.44,1995,88.12,13.2,14.25,47272,82537800,2.23,46.18668184,26157000400,26151970300,26151970200,26063950900,0,0,0,0,0,0,0,0,0
26157000400,43.5509435,-83.2695241,0.0009683,40.87394,98.87,22.61,16.97,0.4,7.08,21.86,2.57,1445,89.9,19.56,8.95,56129,69544500,2.18,47.49818709,0,26157000600,26157000500,26151970300,26157000100,26151970200,0,0,0,0,0,0,0
26157000500,43.4585302,-83.244314,0.001376451,58.30798,96.28,23.58,14.37,0.28,9.24,21.59,2.59,2367,88.26,15.27,11.34,53659,114349100,3,47.67981439,26157001000,26157000700,26157001100,26151971000,26151970300,26157000600,26157000400,0,0,0,0,0,0
26157000600,43.4856074,-83.4216072,0.000361273,555.3369,99.98,21.79,19.52,0.63,14.61,35.85,2.23,2075,89.4,19.11,24.94,41640,76660300,8.96,49.61197339,0,26157000700,26157000500,26157000400,0,0,0,0,0,0,0,0,0
26157000700,43.4420801,-83.5167159,0.000868584,57.57166,98.28,20.26,13.56,4.03,10.54,23.64,2.48,1483,89.55,19.26,11.93,53054,72154300,7.28,60.19271304,26157000800,26157000900,26157001000,26157000500,0,26157000600,0,0,0,0,0,0,0
26157000800,43.3896814,-83.650461,0.001027491,80.2902,99.68,23.1,16.65,0.45,8.67,27.05,2.43,1767,92.7,11.32,8.11,54531,91721500,3.33,43.83438344,26157001300,26145013100,26145011300,26157001000,26157000900,26145011200,26157000700,26017285300,0,0,0,0,0
26157000900,43.3586122,-83.5517293,0.001187033,191.3582,98.95,27.47,13.03,4.8,12.42,23.59,2.55,2237,89.27,16.99,11.61,50387,102286700,3.4,47.99544419,26157001000,26157000800,26157000700,0,0,0,0,0,0,0,0,0,0
26157001000,43.3594311,-83.4366947,0.001210323,107.8634,97.73,23.7,14.25,0.25,10.07,22,2.62,2317,90.42,18.62,13.3,49361,103115300,2.82,49.7714808,26157001300,26157000800,26157001200,26157000900,26087330500,26157001100,26157000700,26157000500,0,0,0,0,0
26157001100,43.3705267,-83.2218922,0.00109459,49.37989,97.54,24.13,16.26,1.79,8.27,20.6,2.63,1725,75.71,15.05,15.03,47498,67067400,4.11,55.51006482,26157001000,26087330500,26151971000,26157000500,26151970300,0,0,0,0,0,0,0,0
26157001200,43.269493,-83.4467926,0.001085223,86.44305,98.35,24.13,15.08,0.28,9.01,18.9,2.68,1946,87.26,9.87,6.11,55150,89508700,1.05,54.08647141,26049012401,26157001300,26049012402,26087331000,26087331500,26087332000,26087330500,26157001000,0,0,0,0,0
26157001300,43.2624932,-83.6120405,0.001450438,104.0873,99.82,23.12,14.79,0.75,8.12,19.69,2.63,2044,93.93,11.04,9.66,56175,109654300,2.51,49.38755512,26049012504,26049010112,26145013100,26049012501,26049012401,26049012402,26157001200,26145011300,26157000800,26157001000,0,0,0
